#! /usr/bin/vvp
:ivl_version "12.0 (stable)";
:ivl_delay_selection "TYPICAL";
:vpi_time_precision - 12;
:vpi_module "/usr/lib/x86_64-linux-gnu/ivl/system.vpi";
:vpi_module "/usr/lib/x86_64-linux-gnu/ivl/vhdl_sys.vpi";
:vpi_module "/usr/lib/x86_64-linux-gnu/ivl/vhdl_textio.vpi";
:vpi_module "/usr/lib/x86_64-linux-gnu/ivl/v2005_math.vpi";
:vpi_module "/usr/lib/x86_64-linux-gnu/ivl/va_math.vpi";
:vpi_module "/usr/lib/x86_64-linux-gnu/ivl/v2009.vpi";
S_0x5ca91d1f52a0 .scope package, "$unit" "$unit" 2 1;
 .timescale 0 0;
S_0x5ca91d1e3560 .scope module, "uart_tb" "uart_tb" 3 23;
 .timescale -9 -12;
P_0x5ca91d1c3510 .param/l "BAUD_RATE" 1 3 26, +C4<00000000000000000000000001100100>;
P_0x5ca91d1c3550 .param/l "CLKS_PER_BIT" 1 3 27, +C4<00000000000000000000000000001010>;
P_0x5ca91d1c3590 .param/l "CLK_FREQ_HZ" 1 3 25, +C4<00000000000000000000001111101000>;
P_0x5ca91d1c35d0 .param/l "CLK_PERIOD_NS" 1 3 28, +C4<00000000000000000000000000001010>;
P_0x5ca91d1c3610 .param/l "TOTAL_BITS_NONE" 1 3 104, +C4<00000000000000000000000000001010>;
P_0x5ca91d1c3650 .param/l "TOTAL_SAMPLES_NONE" 1 3 105, +C4<0000000000000000000000000000000000000000000000000000000001100100>;
L_0x5ca91d258380 .functor BUFZ 1, v0x5ca91d2389f0_0, C4<0>, C4<0>, C4<0>;
L_0x5ca91d2583f0 .functor BUFZ 1, v0x5ca91d238b50_0, C4<0>, C4<0>, C4<0>;
L_0x5ca91d258460 .functor BUFZ 8, v0x5ca91d236580_0, C4<00000000>, C4<00000000>, C4<00000000>;
L_0x5ca91d2584d0 .functor BUFZ 1, v0x5ca91d236b50_0, C4<0>, C4<0>, C4<0>;
L_0x5ca91d2585a0 .functor BUFZ 1, v0x5ca91d2364c0_0, C4<0>, C4<0>, C4<0>;
L_0x5ca91d258640 .functor BUFZ 1, v0x5ca91d2362a0_0, C4<0>, C4<0>, C4<0>;
L_0x5ca91d258720 .functor BUFZ 1, v0x5ca91d236100_0, C4<0>, C4<0>, C4<0>;
L_0x5ca91d258790 .functor BUFZ 1, L_0x5ca91d256210, C4<0>, C4<0>, C4<0>;
L_0x5ca91d258880 .functor BUFZ 1, v0x5ca91d238950_0, C4<0>, C4<0>, C4<0>;
v0x5ca91d242d60_0 .net "break_detected", 0 0, L_0x5ca91d258790;  1 drivers
v0x5ca91d242e40_0 .net "break_detected_even", 0 0, L_0x5ca91d256bb0;  1 drivers
v0x5ca91d242f50_0 .net "break_detected_none", 0 0, L_0x5ca91d256210;  1 drivers
v0x5ca91d243040_0 .net "break_detected_odd", 0 0, L_0x5ca91d257730;  1 drivers
v0x5ca91d243130 .array "burst_bytes", 4 0, 7 0;
v0x5ca91d243220 .array "cap", 255 0, 0 0;
v0x5ca91d2432c0_0 .var/i "ci", 31 0;
v0x5ca91d243380_0 .var "clk", 0 0;
v0x5ca91d243420_0 .var/i "fail_count", 31 0;
v0x5ca91d243500_0 .net "framing_error", 0 0, L_0x5ca91d258720;  1 drivers
v0x5ca91d2435c0_0 .net "framing_error_even", 0 0, v0x5ca91d2307f0_0;  1 drivers
v0x5ca91d243660_0 .net "framing_error_none", 0 0, v0x5ca91d236100_0;  1 drivers
v0x5ca91d243750_0 .net "framing_error_odd", 0 0, v0x5ca91d23c060_0;  1 drivers
v0x5ca91d243840_0 .var "got", 7 0;
v0x5ca91d243920_0 .var/i "i", 31 0;
v0x5ca91d243a00_0 .var "last_rx_data", 7 0;
v0x5ca91d243ae0_0 .net "parity_error", 0 0, L_0x5ca91d258640;  1 drivers
v0x5ca91d243cb0_0 .net "parity_error_even", 0 0, v0x5ca91d230990_0;  1 drivers
v0x5ca91d243da0_0 .net "parity_error_none", 0 0, v0x5ca91d2362a0_0;  1 drivers
v0x5ca91d243e90_0 .net "parity_error_odd", 0 0, v0x5ca91d23c200_0;  1 drivers
v0x5ca91d243f80_0 .var/i "pass_count", 31 0;
v0x5ca91d244060 .array "pattern_bytes", 3 0, 7 0;
v0x5ca91d244120_0 .var "reset", 0 0;
v0x5ca91d2441c0_0 .var "rnd_byte", 7 0;
v0x5ca91d2442a0_0 .net "rx_busy", 0 0, L_0x5ca91d2585a0;  1 drivers
v0x5ca91d244360_0 .net "rx_busy_even", 0 0, v0x5ca91d230bd0_0;  1 drivers
v0x5ca91d244450_0 .net "rx_busy_none", 0 0, v0x5ca91d2364c0_0;  1 drivers
v0x5ca91d244540_0 .net "rx_busy_odd", 0 0, v0x5ca91d23c530_0;  1 drivers
v0x5ca91d244630_0 .net "rx_data", 7 0, L_0x5ca91d258460;  1 drivers
v0x5ca91d244710_0 .net "rx_data_even", 7 0, v0x5ca91d230c90_0;  1 drivers
v0x5ca91d244820_0 .net "rx_data_none", 7 0, v0x5ca91d236580_0;  1 drivers
v0x5ca91d244930_0 .net "rx_data_odd", 7 0, v0x5ca91d23c5f0_0;  1 drivers
v0x5ca91d244a40_0 .net "rx_error_even", 0 0, L_0x5ca91d257380;  1 drivers
v0x5ca91d244cf0_0 .net "rx_error_none", 0 0, L_0x5ca91d215ad0;  1 drivers
v0x5ca91d244d90_0 .net "rx_error_odd", 0 0, L_0x5ca91d258020;  1 drivers
v0x5ca91d244e30_0 .net "rx_status_even", 2 0, L_0x5ca91d257490;  1 drivers
v0x5ca91d244ed0_0 .net "rx_status_none", 2 0, L_0x5ca91d2568e0;  1 drivers
v0x5ca91d244f70_0 .net "rx_status_odd", 2 0, L_0x5ca91d2581c0;  1 drivers
v0x5ca91d245010_0 .net "rx_valid", 0 0, L_0x5ca91d2584d0;  1 drivers
v0x5ca91d2450b0_0 .net "rx_valid_even", 0 0, v0x5ca91d231150_0;  1 drivers
v0x5ca91d2451a0_0 .net "rx_valid_none", 0 0, v0x5ca91d236b50_0;  1 drivers
v0x5ca91d245290_0 .net "rx_valid_odd", 0 0, v0x5ca91d23cbc0_0;  1 drivers
v0x5ca91d245380_0 .var "sweep", 15 0;
v0x5ca91d245420_0 .var/i "test_num", 31 0;
v0x5ca91d245500_0 .net "tx_busy", 0 0, L_0x5ca91d258380;  1 drivers
v0x5ca91d2455c0_0 .net "tx_busy_even", 0 0, v0x5ca91d232e60_0;  1 drivers
v0x5ca91d2456b0_0 .net "tx_busy_none", 0 0, v0x5ca91d2389f0_0;  1 drivers
v0x5ca91d2457a0_0 .net "tx_busy_odd", 0 0, v0x5ca91d23eb30_0;  1 drivers
v0x5ca91d245890_0 .var "tx_data", 7 0;
v0x5ca91d245950_0 .net "tx_done", 0 0, L_0x5ca91d2583f0;  1 drivers
v0x5ca91d245a10_0 .net "tx_done_even", 0 0, v0x5ca91d232fe0_0;  1 drivers
v0x5ca91d245b00_0 .net "tx_done_none", 0 0, v0x5ca91d238b50_0;  1 drivers
v0x5ca91d245bf0_0 .net "tx_done_odd", 0 0, v0x5ca91d23ec90_0;  1 drivers
v0x5ca91d245ce0_0 .net "tx_even", 0 0, v0x5ca91d232dc0_0;  1 drivers
v0x5ca91d245d80_0 .net "tx_line", 0 0, L_0x5ca91d258880;  1 drivers
v0x5ca91d245e40_0 .net "tx_none", 0 0, v0x5ca91d238950_0;  1 drivers
v0x5ca91d245f70_0 .net "tx_odd", 0 0, v0x5ca91d23ea60_0;  1 drivers
v0x5ca91d2460a0_0 .var "tx_start", 0 0;
S_0x5ca91d1f59a0 .scope task, "capture_and_check_frame" "capture_and_check_frame" 3 110, 3 110 0, S_0x5ca91d1e3560;
 .timescale -9 -12;
v0x5ca91d1c5f80_0 .var/i "base", 31 0;
v0x5ca91d1cbdd0_0 .var "data_byte", 7 0;
v0x5ca91d1e29b0_0 .var/i "samp", 31 0;
v0x5ca91d1de060_0 .var/i "seg", 31 0;
v0x5ca91d1d4f10_0 .var "seg_ok", 0 0;
v0x5ca91d1d5d60_0 .var "seg_val", 0 0;
E_0x5ca91d0ebd00 .event negedge, v0x5ca91d230590_0;
E_0x5ca91d0ebf50 .event anyedge, v0x5ca91d245d80_0;
TD_uart_tb.capture_and_check_frame ;
T_0.0 ;
    %load/vec4 v0x5ca91d245d80_0;
    %pushi/vec4 0, 0, 1;
    %cmp/e;
    %flag_get/vec4 4;
    %cmpi/ne 1, 0, 1;
    %jmp/0xz T_0.1, 6;
    %wait E_0x5ca91d0ebf50;
    %jmp T_0.0;
T_0.1 ;
    %wait E_0x5ca91d0ebd00;
    %pushi/vec4 0, 0, 32;
    %store/vec4 v0x5ca91d2432c0_0, 0, 32;
T_0.2 ;
    %load/vec4 v0x5ca91d2432c0_0;
    %pad/s 64;
    %cmpi/s 100, 0, 64;
    %jmp/0xz T_0.3, 5;
    %load/vec4 v0x5ca91d245d80_0;
    %ix/getv/s 4, v0x5ca91d2432c0_0;
    %store/vec4a v0x5ca91d243220, 4, 0;
    %wait E_0x5ca91d0ebd00;
    %load/vec4 v0x5ca91d2432c0_0;
    %addi 1, 0, 32;
    %store/vec4 v0x5ca91d2432c0_0, 0, 32;
    %jmp T_0.2;
T_0.3 ;
    %pushi/vec4 0, 0, 32;
    %store/vec4 v0x5ca91d1de060_0, 0, 32;
T_0.4 ;
    %load/vec4 v0x5ca91d1de060_0;
    %cmpi/s 10, 0, 32;
    %jmp/0xz T_0.5, 5;
    %load/vec4 v0x5ca91d1de060_0;
    %muli 10, 0, 32;
    %store/vec4 v0x5ca91d1c5f80_0, 0, 32;
    %ix/getv/s 4, v0x5ca91d1c5f80_0;
    %load/vec4a v0x5ca91d243220, 4;
    %store/vec4 v0x5ca91d1d5d60_0, 0, 1;
    %pushi/vec4 1, 0, 1;
    %store/vec4 v0x5ca91d1d4f10_0, 0, 1;
    %pushi/vec4 0, 0, 32;
    %store/vec4 v0x5ca91d1e29b0_0, 0, 32;
T_0.6 ;
    %load/vec4 v0x5ca91d1e29b0_0;
    %cmpi/s 10, 0, 32;
    %jmp/0xz T_0.7, 5;
    %load/vec4 v0x5ca91d1c5f80_0;
    %load/vec4 v0x5ca91d1e29b0_0;
    %add;
    %ix/vec4/s 4;
    %load/vec4a v0x5ca91d243220, 4;
    %load/vec4 v0x5ca91d1d5d60_0;
    %cmp/ne;
    %jmp/0xz  T_0.8, 6;
    %pushi/vec4 0, 0, 1;
    %store/vec4 v0x5ca91d1d4f10_0, 0, 1;
T_0.8 ;
    %load/vec4 v0x5ca91d1e29b0_0;
    %addi 1, 0, 32;
    %store/vec4 v0x5ca91d1e29b0_0, 0, 32;
    %jmp T_0.6;
T_0.7 ;
    %load/vec4 v0x5ca91d1de060_0;
    %cmpi/e 0, 0, 32;
    %jmp/0xz  T_0.10, 4;
    %pushi/vec4 0, 0, 32; draw_string_vec4
    %pushi/vec4 0, 0, 32; draw_string_vec4
    %concat/vec4; draw_string_vec4
    %pushi/vec4 0, 0, 32; draw_string_vec4
    %concat/vec4; draw_string_vec4
    %pushi/vec4 0, 0, 32; draw_string_vec4
    %concat/vec4; draw_string_vec4
    %pushi/vec4 0, 0, 32; draw_string_vec4
    %concat/vec4; draw_string_vec4
    %pushi/vec4 0, 0, 32; draw_string_vec4
    %concat/vec4; draw_string_vec4
    %pushi/vec4 0, 0, 32; draw_string_vec4
    %concat/vec4; draw_string_vec4
    %pushi/vec4 1400136050, 0, 32; draw_string_vec4
    %concat/vec4; draw_string_vec4
    %pushi/vec4 1948279401, 0, 32; draw_string_vec4
    %concat/vec4; draw_string_vec4
    %pushi/vec4 1948279925, 0, 32; draw_string_vec4
    %concat/vec4; draw_string_vec4
    %pushi/vec4 1918989417, 0, 32; draw_string_vec4
    %concat/vec4; draw_string_vec4
    %pushi/vec4 1869491062, 0, 32; draw_string_vec4
    %concat/vec4; draw_string_vec4
    %pushi/vec4 1634497893, 0, 32; draw_string_vec4
    %concat/vec4; draw_string_vec4
    %store/vec4 v0x5ca91d22ed10_0, 0, 416;
    %load/vec4 v0x5ca91d1d4f10_0;
    %flag_set/vec4 8;
    %flag_get/vec4 8;
    %jmp/0 T_0.12, 8;
    %load/vec4 v0x5ca91d1d5d60_0;
    %pushi/vec4 0, 0, 1;
    %cmp/e;
    %flag_get/vec4 6;
    %and;
T_0.12;
    %store/vec4 v0x5ca91d22ec50_0, 0, 1;
    %fork TD_uart_tb.check_cond, S_0x5ca91d1f5d20;
    %join;
    %jmp T_0.11;
T_0.10 ;
    %load/vec4 v0x5ca91d1de060_0;
    %cmpi/s 8, 0, 32;
    %flag_or 5, 4;
    %jmp/0xz  T_0.13, 5;
    %pushi/vec4 0, 0, 32; draw_string_vec4
    %pushi/vec4 0, 0, 32; draw_string_vec4
    %concat/vec4; draw_string_vec4
    %pushi/vec4 0, 0, 32; draw_string_vec4
    %concat/vec4; draw_string_vec4
    %pushi/vec4 0, 0, 32; draw_string_vec4
    %concat/vec4; draw_string_vec4
    %pushi/vec4 4481396, 0, 32; draw_string_vec4
    %concat/vec4; draw_string_vec4
    %pushi/vec4 1629512297, 0, 32; draw_string_vec4
    %concat/vec4; draw_string_vec4
    %pushi/vec4 1948279925, 0, 32; draw_string_vec4
    %concat/vec4; draw_string_vec4
    %pushi/vec4 1918989417, 0, 32; draw_string_vec4
    %concat/vec4; draw_string_vec4
    %pushi/vec4 1869491062, 0, 32; draw_string_vec4
    %concat/vec4; draw_string_vec4
    %pushi/vec4 1634497893, 0, 32; draw_string_vec4
    %concat/vec4; draw_string_vec4
    %pushi/vec4 539511891, 0, 32; draw_string_vec4
    %concat/vec4; draw_string_vec4
    %pushi/vec4 1109419625, 0, 32; draw_string_vec4
    %concat/vec4; draw_string_vec4
    %pushi/vec4 1920169001, 0, 32; draw_string_vec4
    %concat/vec4; draw_string_vec4
    %store/vec4 v0x5ca91d22ed10_0, 0, 416;
    %load/vec4 v0x5ca91d1d4f10_0;
    %flag_set/vec4 8;
    %flag_get/vec4 8;
    %jmp/0 T_0.15, 8;
    %load/vec4 v0x5ca91d1d5d60_0;
    %load/vec4 v0x5ca91d1cbdd0_0;
    %load/vec4 v0x5ca91d1de060_0;
    %subi 1, 0, 32;
    %part/s 1;
    %cmp/e;
    %flag_get/vec4 6;
    %and;
T_0.15;
    %store/vec4 v0x5ca91d22ec50_0, 0, 1;
    %fork TD_uart_tb.check_cond, S_0x5ca91d1f5d20;
    %join;
    %jmp T_0.14;
T_0.13 ;
    %pushi/vec4 0, 0, 32; draw_string_vec4
    %pushi/vec4 0, 0, 32; draw_string_vec4
    %concat/vec4; draw_string_vec4
    %pushi/vec4 0, 0, 32; draw_string_vec4
    %concat/vec4; draw_string_vec4
    %pushi/vec4 0, 0, 32; draw_string_vec4
    %concat/vec4; draw_string_vec4
    %pushi/vec4 0, 0, 32; draw_string_vec4
    %concat/vec4; draw_string_vec4
    %pushi/vec4 0, 0, 32; draw_string_vec4
    %concat/vec4; draw_string_vec4
    %pushi/vec4 0, 0, 32; draw_string_vec4
    %concat/vec4; draw_string_vec4
    %pushi/vec4 5469295, 0, 32; draw_string_vec4
    %concat/vec4; draw_string_vec4
    %pushi/vec4 1881170537, 0, 32; draw_string_vec4
    %concat/vec4; draw_string_vec4
    %pushi/vec4 1948279925, 0, 32; draw_string_vec4
    %concat/vec4; draw_string_vec4
    %pushi/vec4 1918989417, 0, 32; draw_string_vec4
    %concat/vec4; draw_string_vec4
    %pushi/vec4 1869491062, 0, 32; draw_string_vec4
    %concat/vec4; draw_string_vec4
    %pushi/vec4 1634497893, 0, 32; draw_string_vec4
    %concat/vec4; draw_string_vec4
    %store/vec4 v0x5ca91d22ed10_0, 0, 416;
    %load/vec4 v0x5ca91d1d4f10_0;
    %flag_set/vec4 8;
    %flag_get/vec4 8;
    %jmp/0 T_0.16, 8;
    %load/vec4 v0x5ca91d1d5d60_0;
    %pushi/vec4 1, 0, 1;
    %cmp/e;
    %flag_get/vec4 6;
    %and;
T_0.16;
    %store/vec4 v0x5ca91d22ec50_0, 0, 1;
    %fork TD_uart_tb.check_cond, S_0x5ca91d1f5d20;
    %join;
T_0.14 ;
T_0.11 ;
    %load/vec4 v0x5ca91d1de060_0;
    %addi 1, 0, 32;
    %store/vec4 v0x5ca91d1de060_0, 0, 32;
    %jmp T_0.4;
T_0.5 ;
    %end;
S_0x5ca91d1f60a0 .scope task, "check_byte" "check_byte" 4 145, 4 145 0, S_0x5ca91d1e3560;
 .timescale -9 -12;
v0x5ca91d1b1c10_0 .var "actual", 7 0;
v0x5ca91d22ea30_0 .var "expected", 7 0;
v0x5ca91d22eb10_0 .var "name", 415 0;
TD_uart_tb.check_byte ;
    %load/vec4 v0x5ca91d245420_0;
    %addi 1, 0, 32;
    %store/vec4 v0x5ca91d245420_0, 0, 32;
    %load/vec4 v0x5ca91d1b1c10_0;
    %load/vec4 v0x5ca91d22ea30_0;
    %cmp/e;
    %jmp/0xz  T_1.17, 6;
    %load/vec4 v0x5ca91d243f80_0;
    %addi 1, 0, 32;
    %store/vec4 v0x5ca91d243f80_0, 0, 32;
    %vpi_call/w 4 150 "$display", "TEST %0d: %-50s PASS  (expected 0x%02h, got 0x%02h)", v0x5ca91d245420_0, v0x5ca91d22eb10_0, v0x5ca91d22ea30_0, v0x5ca91d1b1c10_0 {0 0 0};
    %jmp T_1.18;
T_1.17 ;
    %load/vec4 v0x5ca91d243420_0;
    %addi 1, 0, 32;
    %store/vec4 v0x5ca91d243420_0, 0, 32;
    %vpi_call/w 4 154 "$display", "TEST %0d: %-50s FAIL  (expected 0x%02h, got 0x%02h)", v0x5ca91d245420_0, v0x5ca91d22eb10_0, v0x5ca91d22ea30_0, v0x5ca91d1b1c10_0 {0 0 0};
T_1.18 ;
    %end;
S_0x5ca91d1f5d20 .scope task, "check_cond" "check_cond" 4 163, 4 163 0, S_0x5ca91d1e3560;
 .timescale -9 -12;
v0x5ca91d22ec50_0 .var "cond", 0 0;
v0x5ca91d22ed10_0 .var "name", 415 0;
TD_uart_tb.check_cond ;
    %load/vec4 v0x5ca91d245420_0;
    %addi 1, 0, 32;
    %store/vec4 v0x5ca91d245420_0, 0, 32;
    %load/vec4 v0x5ca91d22ec50_0;
    %flag_set/vec4 8;
    %jmp/0xz  T_2.19, 8;
    %load/vec4 v0x5ca91d243f80_0;
    %addi 1, 0, 32;
    %store/vec4 v0x5ca91d243f80_0, 0, 32;
    %vpi_call/w 4 168 "$display", "TEST %0d: %-50s PASS", v0x5ca91d245420_0, v0x5ca91d22ed10_0 {0 0 0};
    %jmp T_2.20;
T_2.19 ;
    %load/vec4 v0x5ca91d243420_0;
    %addi 1, 0, 32;
    %store/vec4 v0x5ca91d243420_0, 0, 32;
    %vpi_call/w 4 171 "$display", "TEST %0d: %-50s FAIL", v0x5ca91d245420_0, v0x5ca91d22ed10_0 {0 0 0};
T_2.20 ;
    %end;
S_0x5ca91d1f4f20 .scope module, "dut_even" "uart" 3 65, 5 34 0, S_0x5ca91d1e3560;
 .timescale 0 0;
    .port_info 0 /INPUT 1 "clk";
    .port_info 1 /INPUT 1 "reset";
    .port_info 2 /INPUT 8 "tx_data";
    .port_info 3 /INPUT 1 "tx_start";
    .port_info 4 /OUTPUT 1 "tx_busy";
    .port_info 5 /OUTPUT 1 "tx_done";
    .port_info 6 /OUTPUT 8 "rx_data";
    .port_info 7 /OUTPUT 1 "rx_valid";
    .port_info 8 /OUTPUT 1 "rx_busy";
    .port_info 9 /OUTPUT 1 "parity_error";
    .port_info 10 /OUTPUT 1 "framing_error";
    .port_info 11 /OUTPUT 1 "break_detected";
    .port_info 12 /OUTPUT 1 "rx_error";
    .port_info 13 /OUTPUT 3 "rx_status";
    .port_info 14 /OUTPUT 1 "tx";
    .port_info 15 /INPUT 1 "rx";
P_0x5ca91d22ee40 .param/l "BAUD_RATE" 0 5 36, +C4<00000000000000000000000001100100>;
P_0x5ca91d22ee80 .param/l "BREAK_THRESHOLD_BITS" 0 5 44, +C4<11111111111111111111111111111111>;
P_0x5ca91d22eec0 .param/l "CLKS_PER_BIT" 1 5 70, +C4<00000000000000000000000000001010>;
P_0x5ca91d22ef00 .param/l "CLK_FREQ_HZ" 0 5 35, +C4<00000000000000000000001111101000>;
P_0x5ca91d22ef40 .param/l "DATA_BITS" 0 5 37, +C4<00000000000000000000000000001000>;
P_0x5ca91d22ef80 .param/l "PARITY_MODE" 0 5 38, C4<01>;
L_0x5ca91d257310 .functor OR 1, v0x5ca91d230990_0, v0x5ca91d2307f0_0, C4<0>, C4<0>;
L_0x5ca91d257380 .functor OR 1, L_0x5ca91d257310, L_0x5ca91d256bb0, C4<0>, C4<0>;
v0x5ca91d2332d0_0 .net *"_ivl_0", 0 0, L_0x5ca91d257310;  1 drivers
v0x5ca91d2333d0_0 .net "baud_restart", 0 0, L_0x5ca91d257140;  1 drivers
v0x5ca91d233490_0 .net "baud_tick", 0 0, L_0x5ca91d256ec0;  1 drivers
v0x5ca91d233580_0 .net "break_detected", 0 0, L_0x5ca91d256bb0;  alias, 1 drivers
v0x5ca91d233620_0 .net "clk", 0 0, v0x5ca91d243380_0;  1 drivers
v0x5ca91d233710_0 .net "framing_error", 0 0, v0x5ca91d2307f0_0;  alias, 1 drivers
v0x5ca91d2337b0_0 .net "parity_error", 0 0, v0x5ca91d230990_0;  alias, 1 drivers
v0x5ca91d233850_0 .net "reset", 0 0, v0x5ca91d244120_0;  1 drivers
v0x5ca91d2338f0_0 .net "rx", 0 0, v0x5ca91d232dc0_0;  alias, 1 drivers
v0x5ca91d233990_0 .net "rx_busy", 0 0, v0x5ca91d230bd0_0;  alias, 1 drivers
v0x5ca91d233a30_0 .net "rx_data", 7 0, v0x5ca91d230c90_0;  alias, 1 drivers
v0x5ca91d233ad0_0 .net "rx_error", 0 0, L_0x5ca91d257380;  alias, 1 drivers
v0x5ca91d233b70_0 .net "rx_status", 2 0, L_0x5ca91d257490;  alias, 1 drivers
v0x5ca91d233c10_0 .net "rx_valid", 0 0, v0x5ca91d231150_0;  alias, 1 drivers
v0x5ca91d233ce0_0 .net "tx", 0 0, v0x5ca91d232dc0_0;  alias, 1 drivers
v0x5ca91d233d80_0 .net "tx_busy", 0 0, v0x5ca91d232e60_0;  alias, 1 drivers
v0x5ca91d233e50_0 .net "tx_data", 7 0, v0x5ca91d245890_0;  1 drivers
v0x5ca91d233f20_0 .net "tx_done", 0 0, v0x5ca91d232fe0_0;  alias, 1 drivers
v0x5ca91d233ff0_0 .net "tx_start", 0 0, v0x5ca91d2460a0_0;  1 drivers
L_0x5ca91d257490 .concat [ 1 1 1 0], v0x5ca91d230990_0, v0x5ca91d2307f0_0, L_0x5ca91d256bb0;
S_0x5ca91d22f470 .scope generate, "g_rx_default_break" "g_rx_default_break" 5 100, 5 100 0, S_0x5ca91d1f4f20;
 .timescale 0 0;
S_0x5ca91d22f650 .scope module, "u_uart_rx" "uart_rx" 5 105, 6 101 0, S_0x5ca91d22f470;
 .timescale 0 0;
    .port_info 0 /INPUT 1 "clk";
    .port_info 1 /INPUT 1 "reset";
    .port_info 2 /INPUT 1 "rx";
    .port_info 3 /OUTPUT 8 "rx_data";
    .port_info 4 /OUTPUT 1 "rx_valid";
    .port_info 5 /OUTPUT 1 "rx_busy";
    .port_info 6 /OUTPUT 1 "parity_error";
    .port_info 7 /OUTPUT 1 "framing_error";
    .port_info 8 /OUTPUT 1 "break_detected";
P_0x5ca91d20de40 .param/l "BIW" 1 6 124, +C4<00000000000000000000000000000011>;
P_0x5ca91d20de80 .param/l "BREAK_THRESHOLD_BITS" 0 6 109, +C4<00000000000000000000000000001100>;
P_0x5ca91d20dec0 .param/l "BREAK_THRESHOLD_CYCLES" 1 6 144, +C4<00000000000000000000000001111000>;
P_0x5ca91d20df00 .param/l "CLKS_PER_BIT" 0 6 102, +C4<00000000000000000000000000001010>;
P_0x5ca91d20df40 .param/l "CW" 1 6 181, +C4<00000000000000000000000000000100>;
P_0x5ca91d20df80 .param/l "DATA_BITS" 0 6 103, +C4<00000000000000000000000000001000>;
P_0x5ca91d20dfc0 .param/l "HALF_PERIOD" 1 6 180, +C4<00000000000000000000000000000101>;
P_0x5ca91d20e000 .param/l "LRCW" 1 6 145, +C4<00000000000000000000000000000111>;
P_0x5ca91d20e040 .param/l "PARITY_MODE" 0 6 104, C4<01>;
P_0x5ca91d20e080 .param/l "S_BREAK" 1 6 174, C4<101>;
P_0x5ca91d20e0c0 .param/l "S_DATA" 1 6 171, C4<010>;
P_0x5ca91d20e100 .param/l "S_IDLE" 1 6 169, C4<000>;
P_0x5ca91d20e140 .param/l "S_PARITY" 1 6 172, C4<011>;
P_0x5ca91d20e180 .param/l "S_START" 1 6 170, C4<001>;
P_0x5ca91d20e1c0 .param/l "S_STOP" 1 6 173, C4<100>;
L_0x5ca91d256aa0 .functor BUFZ 1, v0x5ca91d231090_0, C4<0>, C4<0>, C4<0>;
v0x5ca91d2300d0_0 .net *"_ivl_2", 31 0, L_0x5ca91d256b10;  1 drivers
L_0x779d61e6e180 .functor BUFT 1, C4<0000000000000000000000000>, C4<0>, C4<0>, C4<0>;
v0x5ca91d2301d0_0 .net *"_ivl_5", 24 0, L_0x779d61e6e180;  1 drivers
L_0x779d61e6e1c8 .functor BUFT 1, C4<00000000000000000000000001111000>, C4<0>, C4<0>, C4<0>;
v0x5ca91d2302b0_0 .net/2u *"_ivl_6", 31 0, L_0x779d61e6e1c8;  1 drivers
v0x5ca91d2303a0_0 .var "bit_index", 2 0;
v0x5ca91d230480_0 .net "break_detected", 0 0, L_0x5ca91d256bb0;  alias, 1 drivers
v0x5ca91d230590_0 .net "clk", 0 0, v0x5ca91d243380_0;  alias, 1 drivers
v0x5ca91d230650_0 .var "cycle_count", 3 0;
v0x5ca91d230730_0 .net "expected_parity", 0 0, L_0x5ca91d256ca0;  1 drivers
v0x5ca91d2307f0_0 .var "framing_error", 0 0;
v0x5ca91d2308b0_0 .var "low_run_count", 6 0;
v0x5ca91d230990_0 .var "parity_error", 0 0;
v0x5ca91d230a50_0 .net "reset", 0 0, v0x5ca91d244120_0;  alias, 1 drivers
v0x5ca91d230b10_0 .net "rx", 0 0, v0x5ca91d232dc0_0;  alias, 1 drivers
v0x5ca91d230bd0_0 .var "rx_busy", 0 0;
v0x5ca91d230c90_0 .var "rx_data", 7 0;
v0x5ca91d230d70_0 .var "rx_parity_bit", 0 0;
v0x5ca91d230e30_0 .net "rx_s", 0 0, L_0x5ca91d256aa0;  1 drivers
v0x5ca91d230ef0_0 .var "rx_shift", 7 0;
v0x5ca91d230fd0_0 .var "rx_sync1", 0 0;
v0x5ca91d231090_0 .var "rx_sync2", 0 0;
v0x5ca91d231150_0 .var "rx_valid", 0 0;
v0x5ca91d231210_0 .var "state", 2 0;
E_0x5ca91d124850 .event posedge, v0x5ca91d230590_0;
L_0x5ca91d256b10 .concat [ 7 25 0 0], v0x5ca91d2308b0_0, L_0x779d61e6e180;
L_0x5ca91d256bb0 .cmp/eq 32, L_0x5ca91d256b10, L_0x779d61e6e1c8;
L_0x5ca91d256ca0 .reduce/xor v0x5ca91d230ef0_0;
S_0x5ca91d231410 .scope module, "u_baud_gen" "baud_gen" 5 77, 7 25 0, S_0x5ca91d1f4f20;
 .timescale 0 0;
    .port_info 0 /INPUT 1 "clk";
    .port_info 1 /INPUT 1 "reset";
    .port_info 2 /INPUT 1 "restart";
    .port_info 3 /OUTPUT 1 "tick";
P_0x5ca91d2146e0 .param/l "CLKS_PER_BIT" 0 7 26, +C4<00000000000000000000000000001010>;
P_0x5ca91d214720 .param/l "CW" 1 7 35, +C4<00000000000000000000000000000100>;
v0x5ca91d2316c0_0 .net *"_ivl_0", 31 0, L_0x5ca91d256d40;  1 drivers
L_0x779d61e6e210 .functor BUFT 1, C4<0000000000000000000000000000>, C4<0>, C4<0>, C4<0>;
v0x5ca91d2317a0_0 .net *"_ivl_3", 27 0, L_0x779d61e6e210;  1 drivers
L_0x779d61e6e258 .functor BUFT 1, C4<00000000000000000000000000001001>, C4<0>, C4<0>, C4<0>;
v0x5ca91d231880_0 .net/2u *"_ivl_4", 31 0, L_0x779d61e6e258;  1 drivers
v0x5ca91d231970_0 .net "clk", 0 0, v0x5ca91d243380_0;  alias, 1 drivers
v0x5ca91d231a40_0 .var "count", 3 0;
v0x5ca91d231b50_0 .net "reset", 0 0, v0x5ca91d244120_0;  alias, 1 drivers
v0x5ca91d231bf0_0 .net "restart", 0 0, L_0x5ca91d257140;  alias, 1 drivers
v0x5ca91d231c90_0 .net "tick", 0 0, L_0x5ca91d256ec0;  alias, 1 drivers
L_0x5ca91d256d40 .concat [ 4 28 0 0], v0x5ca91d231a40_0, L_0x779d61e6e210;
L_0x5ca91d256ec0 .cmp/eq 32, L_0x5ca91d256d40, L_0x779d61e6e258;
S_0x5ca91d231e00 .scope module, "u_uart_tx" "uart_tx" 5 87, 8 60 0, S_0x5ca91d1f4f20;
 .timescale 0 0;
    .port_info 0 /INPUT 1 "clk";
    .port_info 1 /INPUT 1 "reset";
    .port_info 2 /INPUT 1 "tx_start";
    .port_info 3 /INPUT 8 "tx_data";
    .port_info 4 /INPUT 1 "baud_tick";
    .port_info 5 /OUTPUT 1 "baud_restart";
    .port_info 6 /OUTPUT 1 "tx";
    .port_info 7 /OUTPUT 1 "tx_busy";
    .port_info 8 /OUTPUT 1 "tx_done";
P_0x5ca91d1868a0 .param/l "BIW" 1 8 76, +C4<00000000000000000000000000000011>;
P_0x5ca91d1868e0 .param/l "DATA_BITS" 0 8 61, +C4<00000000000000000000000000001000>;
P_0x5ca91d186920 .param/l "PARITY_MODE" 0 8 62, C4<01>;
P_0x5ca91d186960 .param/l "S_DATA" 1 8 81, C4<010>;
P_0x5ca91d1869a0 .param/l "S_IDLE" 1 8 79, C4<000>;
P_0x5ca91d1869e0 .param/l "S_PARITY" 1 8 82, C4<011>;
P_0x5ca91d186a20 .param/l "S_START" 1 8 80, C4<001>;
P_0x5ca91d186a60 .param/l "S_STOP" 1 8 83, C4<100>;
L_0x5ca91d257140 .functor AND 1, L_0x5ca91d257050, v0x5ca91d2460a0_0, C4<1>, C4<1>;
L_0x779d61e6e2a0 .functor BUFT 1, C4<000>, C4<0>, C4<0>, C4<0>;
v0x5ca91d2324b0_0 .net/2u *"_ivl_2", 2 0, L_0x779d61e6e2a0;  1 drivers
v0x5ca91d232590_0 .net *"_ivl_4", 0 0, L_0x5ca91d257050;  1 drivers
v0x5ca91d232650_0 .net "baud_restart", 0 0, L_0x5ca91d257140;  alias, 1 drivers
v0x5ca91d232750_0 .net "baud_tick", 0 0, L_0x5ca91d256ec0;  alias, 1 drivers
v0x5ca91d232820_0 .var "bit_index", 2 0;
v0x5ca91d232910_0 .net "clk", 0 0, v0x5ca91d243380_0;  alias, 1 drivers
v0x5ca91d232a00_0 .net "parity_bit_comb", 0 0, L_0x5ca91d256fb0;  1 drivers
v0x5ca91d232aa0_0 .var "parity_bit_reg", 0 0;
v0x5ca91d232b60_0 .net "reset", 0 0, v0x5ca91d244120_0;  alias, 1 drivers
v0x5ca91d232c00_0 .var "shift_reg", 7 0;
v0x5ca91d232ce0_0 .var "state", 2 0;
v0x5ca91d232dc0_0 .var "tx", 0 0;
v0x5ca91d232e60_0 .var "tx_busy", 0 0;
v0x5ca91d232f00_0 .net "tx_data", 7 0, v0x5ca91d245890_0;  alias, 1 drivers
v0x5ca91d232fe0_0 .var "tx_done", 0 0;
v0x5ca91d2330a0_0 .net "tx_start", 0 0, v0x5ca91d2460a0_0;  alias, 1 drivers
L_0x5ca91d256fb0 .reduce/xor v0x5ca91d245890_0;
L_0x5ca91d257050 .cmp/eq 3, v0x5ca91d232ce0_0, L_0x779d61e6e2a0;
S_0x5ca91d2341e0 .scope module, "dut_none" "uart" 3 57, 5 34 0, S_0x5ca91d1e3560;
 .timescale 0 0;
    .port_info 0 /INPUT 1 "clk";
    .port_info 1 /INPUT 1 "reset";
    .port_info 2 /INPUT 8 "tx_data";
    .port_info 3 /INPUT 1 "tx_start";
    .port_info 4 /OUTPUT 1 "tx_busy";
    .port_info 5 /OUTPUT 1 "tx_done";
    .port_info 6 /OUTPUT 8 "rx_data";
    .port_info 7 /OUTPUT 1 "rx_valid";
    .port_info 8 /OUTPUT 1 "rx_busy";
    .port_info 9 /OUTPUT 1 "parity_error";
    .port_info 10 /OUTPUT 1 "framing_error";
    .port_info 11 /OUTPUT 1 "break_detected";
    .port_info 12 /OUTPUT 1 "rx_error";
    .port_info 13 /OUTPUT 3 "rx_status";
    .port_info 14 /OUTPUT 1 "tx";
    .port_info 15 /INPUT 1 "rx";
P_0x5ca91d234410 .param/l "BAUD_RATE" 0 5 36, +C4<00000000000000000000000001100100>;
P_0x5ca91d234450 .param/l "BREAK_THRESHOLD_BITS" 0 5 44, +C4<11111111111111111111111111111111>;
P_0x5ca91d234490 .param/l "CLKS_PER_BIT" 1 5 70, +C4<00000000000000000000000000001010>;
P_0x5ca91d2344d0 .param/l "CLK_FREQ_HZ" 0 5 35, +C4<00000000000000000000001111101000>;
P_0x5ca91d234510 .param/l "DATA_BITS" 0 5 37, +C4<00000000000000000000000000001000>;
P_0x5ca91d234550 .param/l "PARITY_MODE" 0 5 38, C4<00>;
L_0x5ca91d1b1a70 .functor OR 1, v0x5ca91d2362a0_0, v0x5ca91d236100_0, C4<0>, C4<0>;
L_0x5ca91d215ad0 .functor OR 1, L_0x5ca91d1b1a70, L_0x5ca91d256210, C4<0>, C4<0>;
v0x5ca91d238e70_0 .net *"_ivl_0", 0 0, L_0x5ca91d1b1a70;  1 drivers
v0x5ca91d238f70_0 .net "baud_restart", 0 0, L_0x5ca91d1d5c00;  1 drivers
v0x5ca91d239030_0 .net "baud_tick", 0 0, L_0x5ca91d256440;  1 drivers
v0x5ca91d239120_0 .net "break_detected", 0 0, L_0x5ca91d256210;  alias, 1 drivers
v0x5ca91d2391c0_0 .net "clk", 0 0, v0x5ca91d243380_0;  alias, 1 drivers
v0x5ca91d2392b0_0 .net "framing_error", 0 0, v0x5ca91d236100_0;  alias, 1 drivers
v0x5ca91d239350_0 .net "parity_error", 0 0, v0x5ca91d2362a0_0;  alias, 1 drivers
v0x5ca91d2393f0_0 .net "reset", 0 0, v0x5ca91d244120_0;  alias, 1 drivers
v0x5ca91d239490_0 .net "rx", 0 0, v0x5ca91d238950_0;  alias, 1 drivers
v0x5ca91d2395c0_0 .net "rx_busy", 0 0, v0x5ca91d2364c0_0;  alias, 1 drivers
v0x5ca91d239660_0 .net "rx_data", 7 0, v0x5ca91d236580_0;  alias, 1 drivers
v0x5ca91d239700_0 .net "rx_error", 0 0, L_0x5ca91d215ad0;  alias, 1 drivers
v0x5ca91d2397a0_0 .net "rx_status", 2 0, L_0x5ca91d2568e0;  alias, 1 drivers
v0x5ca91d239840_0 .net "rx_valid", 0 0, v0x5ca91d236b50_0;  alias, 1 drivers
v0x5ca91d239910_0 .net "tx", 0 0, v0x5ca91d238950_0;  alias, 1 drivers
v0x5ca91d2399b0_0 .net "tx_busy", 0 0, v0x5ca91d2389f0_0;  alias, 1 drivers
v0x5ca91d239a80_0 .net "tx_data", 7 0, v0x5ca91d245890_0;  alias, 1 drivers
v0x5ca91d239c30_0 .net "tx_done", 0 0, v0x5ca91d238b50_0;  alias, 1 drivers
v0x5ca91d239d00_0 .net "tx_start", 0 0, v0x5ca91d2460a0_0;  alias, 1 drivers
L_0x5ca91d2568e0 .concat [ 1 1 1 0], v0x5ca91d2362a0_0, v0x5ca91d236100_0, L_0x5ca91d256210;
S_0x5ca91d234a10 .scope generate, "g_rx_default_break" "g_rx_default_break" 5 100, 5 100 0, S_0x5ca91d2341e0;
 .timescale 0 0;
S_0x5ca91d234bf0 .scope module, "u_uart_rx" "uart_rx" 5 105, 6 101 0, S_0x5ca91d234a10;
 .timescale 0 0;
    .port_info 0 /INPUT 1 "clk";
    .port_info 1 /INPUT 1 "reset";
    .port_info 2 /INPUT 1 "rx";
    .port_info 3 /OUTPUT 8 "rx_data";
    .port_info 4 /OUTPUT 1 "rx_valid";
    .port_info 5 /OUTPUT 1 "rx_busy";
    .port_info 6 /OUTPUT 1 "parity_error";
    .port_info 7 /OUTPUT 1 "framing_error";
    .port_info 8 /OUTPUT 1 "break_detected";
P_0x5ca91d234df0 .param/l "BIW" 1 6 124, +C4<00000000000000000000000000000011>;
P_0x5ca91d234e30 .param/l "BREAK_THRESHOLD_BITS" 0 6 109, +C4<00000000000000000000000000001011>;
P_0x5ca91d234e70 .param/l "BREAK_THRESHOLD_CYCLES" 1 6 144, +C4<00000000000000000000000001101110>;
P_0x5ca91d234eb0 .param/l "CLKS_PER_BIT" 0 6 102, +C4<00000000000000000000000000001010>;
P_0x5ca91d234ef0 .param/l "CW" 1 6 181, +C4<00000000000000000000000000000100>;
P_0x5ca91d234f30 .param/l "DATA_BITS" 0 6 103, +C4<00000000000000000000000000001000>;
P_0x5ca91d234f70 .param/l "HALF_PERIOD" 1 6 180, +C4<00000000000000000000000000000101>;
P_0x5ca91d234fb0 .param/l "LRCW" 1 6 145, +C4<00000000000000000000000000000111>;
P_0x5ca91d234ff0 .param/l "PARITY_MODE" 0 6 104, C4<00>;
P_0x5ca91d235030 .param/l "S_BREAK" 1 6 174, C4<101>;
P_0x5ca91d235070 .param/l "S_DATA" 1 6 171, C4<010>;
P_0x5ca91d2350b0 .param/l "S_IDLE" 1 6 169, C4<000>;
P_0x5ca91d2350f0 .param/l "S_PARITY" 1 6 172, C4<011>;
P_0x5ca91d235130 .param/l "S_START" 1 6 170, C4<001>;
P_0x5ca91d235170 .param/l "S_STOP" 1 6 173, C4<100>;
L_0x5ca91d1d3920 .functor BUFZ 1, v0x5ca91d236a90_0, C4<0>, C4<0>, C4<0>;
v0x5ca91d235a20_0 .net *"_ivl_2", 31 0, L_0x5ca91d246160;  1 drivers
L_0x779d61e6e018 .functor BUFT 1, C4<0000000000000000000000000>, C4<0>, C4<0>, C4<0>;
v0x5ca91d235b00_0 .net *"_ivl_5", 24 0, L_0x779d61e6e018;  1 drivers
L_0x779d61e6e060 .functor BUFT 1, C4<00000000000000000000000001101110>, C4<0>, C4<0>, C4<0>;
v0x5ca91d235be0_0 .net/2u *"_ivl_6", 31 0, L_0x779d61e6e060;  1 drivers
v0x5ca91d235cd0_0 .var "bit_index", 2 0;
v0x5ca91d235db0_0 .net "break_detected", 0 0, L_0x5ca91d256210;  alias, 1 drivers
v0x5ca91d235ec0_0 .net "clk", 0 0, v0x5ca91d243380_0;  alias, 1 drivers
v0x5ca91d235f60_0 .var "cycle_count", 3 0;
v0x5ca91d236040_0 .net "expected_parity", 0 0, L_0x5ca91d2562b0;  1 drivers
v0x5ca91d236100_0 .var "framing_error", 0 0;
v0x5ca91d2361c0_0 .var "low_run_count", 6 0;
v0x5ca91d2362a0_0 .var "parity_error", 0 0;
v0x5ca91d236360_0 .net "reset", 0 0, v0x5ca91d244120_0;  alias, 1 drivers
v0x5ca91d236400_0 .net "rx", 0 0, v0x5ca91d238950_0;  alias, 1 drivers
v0x5ca91d2364c0_0 .var "rx_busy", 0 0;
v0x5ca91d236580_0 .var "rx_data", 7 0;
v0x5ca91d236660_0 .var "rx_parity_bit", 0 0;
v0x5ca91d236720_0 .net "rx_s", 0 0, L_0x5ca91d1d3920;  1 drivers
v0x5ca91d2368f0_0 .var "rx_shift", 7 0;
v0x5ca91d2369d0_0 .var "rx_sync1", 0 0;
v0x5ca91d236a90_0 .var "rx_sync2", 0 0;
v0x5ca91d236b50_0 .var "rx_valid", 0 0;
v0x5ca91d236c10_0 .var "state", 2 0;
L_0x5ca91d246160 .concat [ 7 25 0 0], v0x5ca91d2361c0_0, L_0x779d61e6e018;
L_0x5ca91d256210 .cmp/eq 32, L_0x5ca91d246160, L_0x779d61e6e060;
L_0x5ca91d2562b0 .reduce/xor v0x5ca91d2368f0_0;
S_0x5ca91d236e10 .scope module, "u_baud_gen" "baud_gen" 5 77, 7 25 0, S_0x5ca91d2341e0;
 .timescale 0 0;
    .port_info 0 /INPUT 1 "clk";
    .port_info 1 /INPUT 1 "reset";
    .port_info 2 /INPUT 1 "restart";
    .port_info 3 /OUTPUT 1 "tick";
P_0x5ca91d214410 .param/l "CLKS_PER_BIT" 0 7 26, +C4<00000000000000000000000000001010>;
P_0x5ca91d214450 .param/l "CW" 1 7 35, +C4<00000000000000000000000000000100>;
v0x5ca91d237150_0 .net *"_ivl_0", 31 0, L_0x5ca91d256350;  1 drivers
L_0x779d61e6e0a8 .functor BUFT 1, C4<0000000000000000000000000000>, C4<0>, C4<0>, C4<0>;
v0x5ca91d237230_0 .net *"_ivl_3", 27 0, L_0x779d61e6e0a8;  1 drivers
L_0x779d61e6e0f0 .functor BUFT 1, C4<00000000000000000000000000001001>, C4<0>, C4<0>, C4<0>;
v0x5ca91d237310_0 .net/2u *"_ivl_4", 31 0, L_0x779d61e6e0f0;  1 drivers
v0x5ca91d237400_0 .net "clk", 0 0, v0x5ca91d243380_0;  alias, 1 drivers
v0x5ca91d2374a0_0 .var "count", 3 0;
v0x5ca91d237580_0 .net "reset", 0 0, v0x5ca91d244120_0;  alias, 1 drivers
v0x5ca91d237620_0 .net "restart", 0 0, L_0x5ca91d1d5c00;  alias, 1 drivers
v0x5ca91d2376e0_0 .net "tick", 0 0, L_0x5ca91d256440;  alias, 1 drivers
L_0x5ca91d256350 .concat [ 4 28 0 0], v0x5ca91d2374a0_0, L_0x779d61e6e0a8;
L_0x5ca91d256440 .cmp/eq 32, L_0x5ca91d256350, L_0x779d61e6e0f0;
S_0x5ca91d237820 .scope module, "u_uart_tx" "uart_tx" 5 87, 8 60 0, S_0x5ca91d2341e0;
 .timescale 0 0;
    .port_info 0 /INPUT 1 "clk";
    .port_info 1 /INPUT 1 "reset";
    .port_info 2 /INPUT 1 "tx_start";
    .port_info 3 /INPUT 8 "tx_data";
    .port_info 4 /INPUT 1 "baud_tick";
    .port_info 5 /OUTPUT 1 "baud_restart";
    .port_info 6 /OUTPUT 1 "tx";
    .port_info 7 /OUTPUT 1 "tx_busy";
    .port_info 8 /OUTPUT 1 "tx_done";
P_0x5ca91d2379b0 .param/l "BIW" 1 8 76, +C4<00000000000000000000000000000011>;
P_0x5ca91d2379f0 .param/l "DATA_BITS" 0 8 61, +C4<00000000000000000000000000001000>;
P_0x5ca91d237a30 .param/l "PARITY_MODE" 0 8 62, C4<00>;
P_0x5ca91d237a70 .param/l "S_DATA" 1 8 81, C4<010>;
P_0x5ca91d237ab0 .param/l "S_IDLE" 1 8 79, C4<000>;
P_0x5ca91d237af0 .param/l "S_PARITY" 1 8 82, C4<011>;
P_0x5ca91d237b30 .param/l "S_START" 1 8 80, C4<001>;
P_0x5ca91d237b70 .param/l "S_STOP" 1 8 83, C4<100>;
L_0x5ca91d1d5c00 .functor AND 1, L_0x5ca91d256670, v0x5ca91d2460a0_0, C4<1>, C4<1>;
L_0x779d61e6e138 .functor BUFT 1, C4<000>, C4<0>, C4<0>, C4<0>;
v0x5ca91d238090_0 .net/2u *"_ivl_2", 2 0, L_0x779d61e6e138;  1 drivers
v0x5ca91d238170_0 .net *"_ivl_4", 0 0, L_0x5ca91d256670;  1 drivers
v0x5ca91d238230_0 .net "baud_restart", 0 0, L_0x5ca91d1d5c00;  alias, 1 drivers
v0x5ca91d238330_0 .net "baud_tick", 0 0, L_0x5ca91d256440;  alias, 1 drivers
v0x5ca91d238400_0 .var "bit_index", 2 0;
v0x5ca91d2384f0_0 .net "clk", 0 0, v0x5ca91d243380_0;  alias, 1 drivers
v0x5ca91d238590_0 .net "parity_bit_comb", 0 0, L_0x5ca91d256580;  1 drivers
v0x5ca91d238630_0 .var "parity_bit_reg", 0 0;
v0x5ca91d2386f0_0 .net "reset", 0 0, v0x5ca91d244120_0;  alias, 1 drivers
v0x5ca91d238790_0 .var "shift_reg", 7 0;
v0x5ca91d238870_0 .var "state", 2 0;
v0x5ca91d238950_0 .var "tx", 0 0;
v0x5ca91d2389f0_0 .var "tx_busy", 0 0;
v0x5ca91d238a90_0 .net "tx_data", 7 0, v0x5ca91d245890_0;  alias, 1 drivers
v0x5ca91d238b50_0 .var "tx_done", 0 0;
v0x5ca91d238c10_0 .net "tx_start", 0 0, v0x5ca91d2460a0_0;  alias, 1 drivers
L_0x5ca91d256580 .reduce/xor v0x5ca91d245890_0;
L_0x5ca91d256670 .cmp/eq 3, v0x5ca91d238870_0, L_0x779d61e6e138;
S_0x5ca91d239f00 .scope module, "dut_odd" "uart" 3 73, 5 34 0, S_0x5ca91d1e3560;
 .timescale 0 0;
    .port_info 0 /INPUT 1 "clk";
    .port_info 1 /INPUT 1 "reset";
    .port_info 2 /INPUT 8 "tx_data";
    .port_info 3 /INPUT 1 "tx_start";
    .port_info 4 /OUTPUT 1 "tx_busy";
    .port_info 5 /OUTPUT 1 "tx_done";
    .port_info 6 /OUTPUT 8 "rx_data";
    .port_info 7 /OUTPUT 1 "rx_valid";
    .port_info 8 /OUTPUT 1 "rx_busy";
    .port_info 9 /OUTPUT 1 "parity_error";
    .port_info 10 /OUTPUT 1 "framing_error";
    .port_info 11 /OUTPUT 1 "break_detected";
    .port_info 12 /OUTPUT 1 "rx_error";
    .port_info 13 /OUTPUT 3 "rx_status";
    .port_info 14 /OUTPUT 1 "tx";
    .port_info 15 /INPUT 1 "rx";
P_0x5ca91d23a0e0 .param/l "BAUD_RATE" 0 5 36, +C4<00000000000000000000000001100100>;
P_0x5ca91d23a120 .param/l "BREAK_THRESHOLD_BITS" 0 5 44, +C4<11111111111111111111111111111111>;
P_0x5ca91d23a160 .param/l "CLKS_PER_BIT" 1 5 70, +C4<00000000000000000000000000001010>;
P_0x5ca91d23a1a0 .param/l "CLK_FREQ_HZ" 0 5 35, +C4<00000000000000000000001111101000>;
P_0x5ca91d23a1e0 .param/l "DATA_BITS" 0 5 37, +C4<00000000000000000000000000001000>;
P_0x5ca91d23a220 .param/l "PARITY_MODE" 0 5 38, C4<10>;
L_0x5ca91d257fb0 .functor OR 1, v0x5ca91d23c200_0, v0x5ca91d23c060_0, C4<0>, C4<0>;
L_0x5ca91d258020 .functor OR 1, L_0x5ca91d257fb0, L_0x5ca91d257730, C4<0>, C4<0>;
v0x5ca91d23f020_0 .net *"_ivl_0", 0 0, L_0x5ca91d257fb0;  1 drivers
v0x5ca91d23f120_0 .net "baud_restart", 0 0, L_0x5ca91d257ef0;  1 drivers
v0x5ca91d23f1e0_0 .net "baud_tick", 0 0, L_0x5ca91d257b00;  1 drivers
v0x5ca91d23f280_0 .net "break_detected", 0 0, L_0x5ca91d257730;  alias, 1 drivers
v0x5ca91d23f320_0 .net "clk", 0 0, v0x5ca91d243380_0;  alias, 1 drivers
v0x5ca91d23f3c0_0 .net "framing_error", 0 0, v0x5ca91d23c060_0;  alias, 1 drivers
v0x5ca91d23f460_0 .net "parity_error", 0 0, v0x5ca91d23c200_0;  alias, 1 drivers
v0x5ca91d23f530_0 .net "reset", 0 0, v0x5ca91d244120_0;  alias, 1 drivers
v0x5ca91d23f5d0_0 .net "rx", 0 0, v0x5ca91d23ea60_0;  alias, 1 drivers
v0x5ca91d23f700_0 .net "rx_busy", 0 0, v0x5ca91d23c530_0;  alias, 1 drivers
v0x5ca91d23f7a0_0 .net "rx_data", 7 0, v0x5ca91d23c5f0_0;  alias, 1 drivers
v0x5ca91d23f870_0 .net "rx_error", 0 0, L_0x5ca91d258020;  alias, 1 drivers
v0x5ca91d23f910_0 .net "rx_status", 2 0, L_0x5ca91d2581c0;  alias, 1 drivers
v0x5ca91d23f9b0_0 .net "rx_valid", 0 0, v0x5ca91d23cbc0_0;  alias, 1 drivers
v0x5ca91d23fa80_0 .net "tx", 0 0, v0x5ca91d23ea60_0;  alias, 1 drivers
v0x5ca91d23fb20_0 .net "tx_busy", 0 0, v0x5ca91d23eb30_0;  alias, 1 drivers
v0x5ca91d23fbf0_0 .net "tx_data", 7 0, v0x5ca91d245890_0;  alias, 1 drivers
v0x5ca91d23fda0_0 .net "tx_done", 0 0, v0x5ca91d23ec90_0;  alias, 1 drivers
v0x5ca91d23fe70_0 .net "tx_start", 0 0, v0x5ca91d2460a0_0;  alias, 1 drivers
L_0x5ca91d2581c0 .concat [ 1 1 1 0], v0x5ca91d23c200_0, v0x5ca91d23c060_0, L_0x5ca91d257730;
S_0x5ca91d23a710 .scope generate, "g_rx_default_break" "g_rx_default_break" 5 100, 5 100 0, S_0x5ca91d239f00;
 .timescale 0 0;
S_0x5ca91d23a8f0 .scope module, "u_uart_rx" "uart_rx" 5 105, 6 101 0, S_0x5ca91d23a710;
 .timescale 0 0;
    .port_info 0 /INPUT 1 "clk";
    .port_info 1 /INPUT 1 "reset";
    .port_info 2 /INPUT 1 "rx";
    .port_info 3 /OUTPUT 8 "rx_data";
    .port_info 4 /OUTPUT 1 "rx_valid";
    .port_info 5 /OUTPUT 1 "rx_busy";
    .port_info 6 /OUTPUT 1 "parity_error";
    .port_info 7 /OUTPUT 1 "framing_error";
    .port_info 8 /OUTPUT 1 "break_detected";
P_0x5ca91d23aaf0 .param/l "BIW" 1 6 124, +C4<00000000000000000000000000000011>;
P_0x5ca91d23ab30 .param/l "BREAK_THRESHOLD_BITS" 0 6 109, +C4<00000000000000000000000000001100>;
P_0x5ca91d23ab70 .param/l "BREAK_THRESHOLD_CYCLES" 1 6 144, +C4<00000000000000000000000001111000>;
P_0x5ca91d23abb0 .param/l "CLKS_PER_BIT" 0 6 102, +C4<00000000000000000000000000001010>;
P_0x5ca91d23abf0 .param/l "CW" 1 6 181, +C4<00000000000000000000000000000100>;
P_0x5ca91d23ac30 .param/l "DATA_BITS" 0 6 103, +C4<00000000000000000000000000001000>;
P_0x5ca91d23ac70 .param/l "HALF_PERIOD" 1 6 180, +C4<00000000000000000000000000000101>;
P_0x5ca91d23acb0 .param/l "LRCW" 1 6 145, +C4<00000000000000000000000000000111>;
P_0x5ca91d23acf0 .param/l "PARITY_MODE" 0 6 104, C4<10>;
P_0x5ca91d23ad30 .param/l "S_BREAK" 1 6 174, C4<101>;
P_0x5ca91d23ad70 .param/l "S_DATA" 1 6 171, C4<010>;
P_0x5ca91d23adb0 .param/l "S_IDLE" 1 6 169, C4<000>;
P_0x5ca91d23adf0 .param/l "S_PARITY" 1 6 172, C4<011>;
P_0x5ca91d23ae30 .param/l "S_START" 1 6 170, C4<001>;
P_0x5ca91d23ae70 .param/l "S_STOP" 1 6 173, C4<100>;
L_0x5ca91d2575c0 .functor BUFZ 1, v0x5ca91d23cb00_0, C4<0>, C4<0>, C4<0>;
L_0x5ca91d2578c0 .functor NOT 1, L_0x5ca91d257820, C4<0>, C4<0>, C4<0>;
v0x5ca91d23b7b0_0 .net *"_ivl_11", 0 0, L_0x5ca91d257820;  1 drivers
v0x5ca91d23b870_0 .net *"_ivl_2", 31 0, L_0x5ca91d257630;  1 drivers
L_0x779d61e6e2e8 .functor BUFT 1, C4<0000000000000000000000000>, C4<0>, C4<0>, C4<0>;
v0x5ca91d23b950_0 .net *"_ivl_5", 24 0, L_0x779d61e6e2e8;  1 drivers
L_0x779d61e6e330 .functor BUFT 1, C4<00000000000000000000000001111000>, C4<0>, C4<0>, C4<0>;
v0x5ca91d23ba40_0 .net/2u *"_ivl_6", 31 0, L_0x779d61e6e330;  1 drivers
v0x5ca91d23bb20_0 .var "bit_index", 2 0;
v0x5ca91d23bc50_0 .net "break_detected", 0 0, L_0x5ca91d257730;  alias, 1 drivers
v0x5ca91d23bd10_0 .net "clk", 0 0, v0x5ca91d243380_0;  alias, 1 drivers
v0x5ca91d23bec0_0 .var "cycle_count", 3 0;
v0x5ca91d23bfa0_0 .net "expected_parity", 0 0, L_0x5ca91d2578c0;  1 drivers
v0x5ca91d23c060_0 .var "framing_error", 0 0;
v0x5ca91d23c120_0 .var "low_run_count", 6 0;
v0x5ca91d23c200_0 .var "parity_error", 0 0;
v0x5ca91d23c2c0_0 .net "reset", 0 0, v0x5ca91d244120_0;  alias, 1 drivers
v0x5ca91d23c470_0 .net "rx", 0 0, v0x5ca91d23ea60_0;  alias, 1 drivers
v0x5ca91d23c530_0 .var "rx_busy", 0 0;
v0x5ca91d23c5f0_0 .var "rx_data", 7 0;
v0x5ca91d23c6d0_0 .var "rx_parity_bit", 0 0;
v0x5ca91d23c8a0_0 .net "rx_s", 0 0, L_0x5ca91d2575c0;  1 drivers
v0x5ca91d23c960_0 .var "rx_shift", 7 0;
v0x5ca91d23ca40_0 .var "rx_sync1", 0 0;
v0x5ca91d23cb00_0 .var "rx_sync2", 0 0;
v0x5ca91d23cbc0_0 .var "rx_valid", 0 0;
v0x5ca91d23cc80_0 .var "state", 2 0;
L_0x5ca91d257630 .concat [ 7 25 0 0], v0x5ca91d23c120_0, L_0x779d61e6e2e8;
L_0x5ca91d257730 .cmp/eq 32, L_0x5ca91d257630, L_0x779d61e6e330;
L_0x5ca91d257820 .reduce/xor v0x5ca91d23c960_0;
S_0x5ca91d23ce80 .scope module, "u_baud_gen" "baud_gen" 5 77, 7 25 0, S_0x5ca91d239f00;
 .timescale 0 0;
    .port_info 0 /INPUT 1 "clk";
    .port_info 1 /INPUT 1 "reset";
    .port_info 2 /INPUT 1 "restart";
    .port_info 3 /OUTPUT 1 "tick";
P_0x5ca91d214770 .param/l "CLKS_PER_BIT" 0 7 26, +C4<00000000000000000000000000001010>;
P_0x5ca91d2147b0 .param/l "CW" 1 7 35, +C4<00000000000000000000000000000100>;
v0x5ca91d23d130_0 .net *"_ivl_0", 31 0, L_0x5ca91d2579b0;  1 drivers
L_0x779d61e6e378 .functor BUFT 1, C4<0000000000000000000000000000>, C4<0>, C4<0>, C4<0>;
v0x5ca91d23d210_0 .net *"_ivl_3", 27 0, L_0x779d61e6e378;  1 drivers
L_0x779d61e6e3c0 .functor BUFT 1, C4<00000000000000000000000000001001>, C4<0>, C4<0>, C4<0>;
v0x5ca91d23d2f0_0 .net/2u *"_ivl_4", 31 0, L_0x779d61e6e3c0;  1 drivers
v0x5ca91d23d3e0_0 .net "clk", 0 0, v0x5ca91d243380_0;  alias, 1 drivers
v0x5ca91d23d480_0 .var "count", 3 0;
v0x5ca91d23d5b0_0 .net "reset", 0 0, v0x5ca91d244120_0;  alias, 1 drivers
v0x5ca91d23d650_0 .net "restart", 0 0, L_0x5ca91d257ef0;  alias, 1 drivers
v0x5ca91d23d710_0 .net "tick", 0 0, L_0x5ca91d257b00;  alias, 1 drivers
L_0x5ca91d2579b0 .concat [ 4 28 0 0], v0x5ca91d23d480_0, L_0x779d61e6e378;
L_0x5ca91d257b00 .cmp/eq 32, L_0x5ca91d2579b0, L_0x779d61e6e3c0;
S_0x5ca91d23d850 .scope module, "u_uart_tx" "uart_tx" 5 87, 8 60 0, S_0x5ca91d239f00;
 .timescale 0 0;
    .port_info 0 /INPUT 1 "clk";
    .port_info 1 /INPUT 1 "reset";
    .port_info 2 /INPUT 1 "tx_start";
    .port_info 3 /INPUT 8 "tx_data";
    .port_info 4 /INPUT 1 "baud_tick";
    .port_info 5 /OUTPUT 1 "baud_restart";
    .port_info 6 /OUTPUT 1 "tx";
    .port_info 7 /OUTPUT 1 "tx_busy";
    .port_info 8 /OUTPUT 1 "tx_done";
P_0x5ca91d23da30 .param/l "BIW" 1 8 76, +C4<00000000000000000000000000000011>;
P_0x5ca91d23da70 .param/l "DATA_BITS" 0 8 61, +C4<00000000000000000000000000001000>;
P_0x5ca91d23dab0 .param/l "PARITY_MODE" 0 8 62, C4<10>;
P_0x5ca91d23daf0 .param/l "S_DATA" 1 8 81, C4<010>;
P_0x5ca91d23db30 .param/l "S_IDLE" 1 8 79, C4<000>;
P_0x5ca91d23db70 .param/l "S_PARITY" 1 8 82, C4<011>;
P_0x5ca91d23dbb0 .param/l "S_START" 1 8 80, C4<001>;
P_0x5ca91d23dbf0 .param/l "S_STOP" 1 8 83, C4<100>;
L_0x5ca91d257ce0 .functor NOT 1, L_0x5ca91d257c40, C4<0>, C4<0>, C4<0>;
L_0x5ca91d257ef0 .functor AND 1, L_0x5ca91d257da0, v0x5ca91d2460a0_0, C4<1>, C4<1>;
v0x5ca91d23e110_0 .net *"_ivl_1", 0 0, L_0x5ca91d257c40;  1 drivers
L_0x779d61e6e408 .functor BUFT 1, C4<000>, C4<0>, C4<0>, C4<0>;
v0x5ca91d23e1d0_0 .net/2u *"_ivl_4", 2 0, L_0x779d61e6e408;  1 drivers
v0x5ca91d23e2b0_0 .net *"_ivl_6", 0 0, L_0x5ca91d257da0;  1 drivers
v0x5ca91d23e380_0 .net "baud_restart", 0 0, L_0x5ca91d257ef0;  alias, 1 drivers
v0x5ca91d23e450_0 .net "baud_tick", 0 0, L_0x5ca91d257b00;  alias, 1 drivers
v0x5ca91d23e540_0 .var "bit_index", 2 0;
v0x5ca91d23e5e0_0 .net "clk", 0 0, v0x5ca91d243380_0;  alias, 1 drivers
v0x5ca91d23e680_0 .net "parity_bit_comb", 0 0, L_0x5ca91d257ce0;  1 drivers
v0x5ca91d23e740_0 .var "parity_bit_reg", 0 0;
v0x5ca91d23e800_0 .net "reset", 0 0, v0x5ca91d244120_0;  alias, 1 drivers
v0x5ca91d23e8a0_0 .var "shift_reg", 7 0;
v0x5ca91d23e980_0 .var "state", 2 0;
v0x5ca91d23ea60_0 .var "tx", 0 0;
v0x5ca91d23eb30_0 .var "tx_busy", 0 0;
v0x5ca91d23ebd0_0 .net "tx_data", 7 0, v0x5ca91d245890_0;  alias, 1 drivers
v0x5ca91d23ec90_0 .var "tx_done", 0 0;
v0x5ca91d23ed50_0 .net "tx_start", 0 0, v0x5ca91d2460a0_0;  alias, 1 drivers
L_0x5ca91d257c40 .reduce/xor v0x5ca91d245890_0;
L_0x5ca91d257da0 .cmp/eq 3, v0x5ca91d23e980_0, L_0x779d61e6e408;
S_0x5ca91d240070 .scope autofunction.vec4.s1, "model_parity_bit" "model_parity_bit" 4 43, 4 43 0, S_0x5ca91d1e3560;
 .timescale -9 -12;
v0x5ca91d240250_0 .var "data", 7 0;
v0x5ca91d240350_0 .var/i "i", 31 0;
v0x5ca91d240430_0 .var "mode", 1 0;
; Variable model_parity_bit is vec4 return value of scope S_0x5ca91d240070
v0x5ca91d2405e0_0 .var/i "ones", 31 0;
TD_uart_tb.model_parity_bit ;
    %pushi/vec4 0, 0, 32;
    %store/vec4 v0x5ca91d2405e0_0, 0, 32;
    %pushi/vec4 0, 0, 32;
    %store/vec4 v0x5ca91d240350_0, 0, 32;
T_3.21 ;
    %load/vec4 v0x5ca91d240350_0;
    %cmpi/s 8, 0, 32;
    %jmp/0xz T_3.22, 5;
    %load/vec4 v0x5ca91d2405e0_0;
    %load/vec4 v0x5ca91d240250_0;
    %load/vec4 v0x5ca91d240350_0;
    %part/s 1;
    %pad/u 32;
    %add;
    %store/vec4 v0x5ca91d2405e0_0, 0, 32;
    %load/vec4 v0x5ca91d240350_0;
    %addi 1, 0, 32;
    %store/vec4 v0x5ca91d240350_0, 0, 32;
    %jmp T_3.21;
T_3.22 ;
    %load/vec4 v0x5ca91d240430_0;
    %cmpi/e 2, 0, 2;
    %jmp/0xz  T_3.23, 4;
    %load/vec4 v0x5ca91d2405e0_0;
    %pushi/vec4 2, 0, 32;
    %mod/s;
    %cmpi/e 0, 0, 32;
    %flag_mov 8, 4;
    %jmp/0 T_3.25, 8;
    %pushi/vec4 1, 0, 1;
    %jmp/1 T_3.26, 8;
T_3.25 ; End of true expr.
    %pushi/vec4 0, 0, 1;
    %jmp/0 T_3.26, 8;
 ; End of false expr.
    %blend;
T_3.26;
    %ret/vec4 0, 0, 1;  Assign to model_parity_bit (store_vec4_to_lval)
    %jmp T_3.24;
T_3.23 ;
    %load/vec4 v0x5ca91d2405e0_0;
    %pushi/vec4 2, 0, 32;
    %mod/s;
    %cmpi/e 0, 0, 32;
    %flag_mov 8, 4;
    %jmp/0 T_3.27, 8;
    %pushi/vec4 0, 0, 1;
    %jmp/1 T_3.28, 8;
T_3.27 ; End of true expr.
    %pushi/vec4 1, 0, 1;
    %jmp/0 T_3.28, 8;
 ; End of false expr.
    %blend;
T_3.28;
    %ret/vec4 0, 0, 1;  Assign to model_parity_bit (store_vec4_to_lval)
T_3.24 ;
    %end;
S_0x5ca91d240710 .scope task, "print_summary" "print_summary" 4 179, 4 179 0, S_0x5ca91d1e3560;
 .timescale -9 -12;
TD_uart_tb.print_summary ;
    %vpi_call/w 4 181 "$display", "----------------------------------------" {0 0 0};
    %load/vec4 v0x5ca91d243f80_0;
    %load/vec4 v0x5ca91d243420_0;
    %add;
    %vpi_call/w 4 182 "$display", "  %0d / %0d tests passed", v0x5ca91d243f80_0, S<0,vec4,s32> {1 0 0};
    %load/vec4 v0x5ca91d243420_0;
    %cmpi/e 0, 0, 32;
    %jmp/0xz  T_4.29, 4;
    %vpi_call/w 4 184 "$display", "  ALL TESTS PASSED" {0 0 0};
    %jmp T_4.30;
T_4.29 ;
    %vpi_call/w 4 186 "$display", "  *** %0d TEST(S) FAILED ***", v0x5ca91d243420_0 {0 0 0};
T_4.30 ;
    %vpi_call/w 4 187 "$display", "----------------------------------------" {0 0 0};
    %end;
S_0x5ca91d2408f0 .scope task, "send_byte" "send_byte" 4 62, 4 62 0, S_0x5ca91d1e3560;
 .timescale -9 -12;
v0x5ca91d240ad0_0 .var "data", 7 0;
TD_uart_tb.send_byte ;
    %wait E_0x5ca91d124850;
    %load/vec4 v0x5ca91d240ad0_0;
    %assign/vec4 v0x5ca91d245890_0, 0;
    %pushi/vec4 1, 0, 1;
    %assign/vec4 v0x5ca91d2460a0_0, 0;
    %wait E_0x5ca91d124850;
    %pushi/vec4 0, 0, 1;
    %assign/vec4 v0x5ca91d2460a0_0, 0;
    %end;
S_0x5ca91d240bd0 .scope task, "send_even" "send_even" 3 167, 3 167 0, S_0x5ca91d1e3560;
 .timescale -9 -12;
v0x5ca91d240da0_0 .var "b", 7 0;
E_0x5ca91d10f8c0 .event anyedge, v0x5ca91d232e60_0;
TD_uart_tb.send_even ;
T_6.31 ;
    %load/vec4 v0x5ca91d2455c0_0;
    %pushi/vec4 0, 0, 1;
    %cmp/e;
    %flag_get/vec4 4;
    %cmpi/ne 1, 0, 1;
    %jmp/0xz T_6.32, 6;
    %wait E_0x5ca91d10f8c0;
    %jmp T_6.31;
T_6.32 ;
    %wait E_0x5ca91d124850;
    %load/vec4 v0x5ca91d240da0_0;
    %assign/vec4 v0x5ca91d245890_0, 0;
    %pushi/vec4 1, 0, 1;
    %assign/vec4 v0x5ca91d2460a0_0, 0;
    %wait E_0x5ca91d124850;
    %pushi/vec4 0, 0, 1;
    %assign/vec4 v0x5ca91d2460a0_0, 0;
    %end;
S_0x5ca91d240ea0 .scope task, "send_none" "send_none" 3 146, 3 146 0, S_0x5ca91d1e3560;
 .timescale -9 -12;
v0x5ca91d2410c0_0 .var "b", 7 0;
E_0x5ca91d217330 .event anyedge, v0x5ca91d2389f0_0;
TD_uart_tb.send_none ;
T_7.33 ;
    %load/vec4 v0x5ca91d2456b0_0;
    %pushi/vec4 0, 0, 1;
    %cmp/e;
    %flag_get/vec4 4;
    %cmpi/ne 1, 0, 1;
    %jmp/0xz T_7.34, 6;
    %wait E_0x5ca91d217330;
    %jmp T_7.33;
T_7.34 ;
    %wait E_0x5ca91d124850;
    %load/vec4 v0x5ca91d2410c0_0;
    %assign/vec4 v0x5ca91d245890_0, 0;
    %pushi/vec4 1, 0, 1;
    %assign/vec4 v0x5ca91d2460a0_0, 0;
    %wait E_0x5ca91d124850;
    %pushi/vec4 0, 0, 1;
    %assign/vec4 v0x5ca91d2460a0_0, 0;
    %end;
S_0x5ca91d2411c0 .scope task, "send_odd" "send_odd" 3 188, 3 188 0, S_0x5ca91d1e3560;
 .timescale -9 -12;
v0x5ca91d2413e0_0 .var "b", 7 0;
E_0x5ca91d217370 .event anyedge, v0x5ca91d23eb30_0;
TD_uart_tb.send_odd ;
T_8.35 ;
    %load/vec4 v0x5ca91d2457a0_0;
    %pushi/vec4 0, 0, 1;
    %cmp/e;
    %flag_get/vec4 4;
    %cmpi/ne 1, 0, 1;
    %jmp/0xz T_8.36, 6;
    %wait E_0x5ca91d217370;
    %jmp T_8.35;
T_8.36 ;
    %wait E_0x5ca91d124850;
    %load/vec4 v0x5ca91d2413e0_0;
    %assign/vec4 v0x5ca91d245890_0, 0;
    %pushi/vec4 1, 0, 1;
    %assign/vec4 v0x5ca91d2460a0_0, 0;
    %wait E_0x5ca91d124850;
    %pushi/vec4 0, 0, 1;
    %assign/vec4 v0x5ca91d2460a0_0, 0;
    %end;
S_0x5ca91d2414e0 .scope task, "wait_even" "wait_even" 3 174, 3 174 0, S_0x5ca91d1e3560;
 .timescale -9 -12;
v0x5ca91d2417a0_0 .var "got", 7 0;
E_0x5ca91d2416c0 .event anyedge, v0x5ca91d231150_0;
E_0x5ca91d241740 .event anyedge, v0x5ca91d232fe0_0;
TD_uart_tb.wait_even ;
    %fork t_1, S_0x5ca91d2414e0;
    %fork t_2, S_0x5ca91d2414e0;
    %join;
    %join;
    %jmp t_0;
t_1 ;
T_9.37 ;
    %load/vec4 v0x5ca91d245a10_0;
    %pushi/vec4 1, 0, 1;
    %cmp/e;
    %flag_get/vec4 4;
    %cmpi/ne 1, 0, 1;
    %jmp/0xz T_9.38, 6;
    %wait E_0x5ca91d241740;
    %jmp T_9.37;
T_9.38 ;
    %end;
t_2 ;
T_9.39 ;
    %load/vec4 v0x5ca91d2450b0_0;
    %pushi/vec4 1, 0, 1;
    %cmp/e;
    %flag_get/vec4 4;
    %cmpi/ne 1, 0, 1;
    %jmp/0xz T_9.40, 6;
    %wait E_0x5ca91d2416c0;
    %jmp T_9.39;
T_9.40 ;
    %end;
    .scope S_0x5ca91d2414e0;
t_0 ;
    %load/vec4 v0x5ca91d244710_0;
    %store/vec4 v0x5ca91d2417a0_0, 0, 8;
    %end;
S_0x5ca91d2418a0 .scope task, "wait_for_rx_outcome" "wait_for_rx_outcome" 4 100, 4 100 0, S_0x5ca91d1e3560;
 .timescale -9 -12;
v0x5ca91d241a80_0 .var "got_ferr", 0 0;
v0x5ca91d241b60_0 .var "got_perr", 0 0;
v0x5ca91d241c20_0 .var "got_valid", 0 0;
v0x5ca91d241cc0_0 .var/i "timeout", 31 0;
TD_uart_tb.wait_for_rx_outcome ;
    %pushi/vec4 0, 0, 32;
    %store/vec4 v0x5ca91d241cc0_0, 0, 32;
    %pushi/vec4 0, 0, 1;
    %store/vec4 v0x5ca91d241c20_0, 0, 1;
    %pushi/vec4 0, 0, 1;
    %store/vec4 v0x5ca91d241b60_0, 0, 1;
    %pushi/vec4 0, 0, 1;
    %store/vec4 v0x5ca91d241a80_0, 0, 1;
T_10.41 ;
    %load/vec4 v0x5ca91d241c20_0;
    %nor/r;
    %flag_set/vec4 11;
    %flag_get/vec4 11;
    %jmp/0 T_10.45, 11;
    %load/vec4 v0x5ca91d241b60_0;
    %nor/r;
    %and;
T_10.45;
    %flag_set/vec4 10;
    %flag_get/vec4 10;
    %jmp/0 T_10.44, 10;
    %load/vec4 v0x5ca91d241a80_0;
    %nor/r;
    %and;
T_10.44;
    %flag_set/vec4 9;
    %flag_get/vec4 9;
    %jmp/0 T_10.43, 9;
    %load/vec4 v0x5ca91d241cc0_0;
    %cmpi/s 200000, 0, 32;
    %flag_get/vec4 5;
    %and;
T_10.43;
    %flag_set/vec4 8;
    %jmp/0xz T_10.42, 8;
    %wait E_0x5ca91d0ebd00;
    %load/vec4 v0x5ca91d245010_0;
    %flag_set/vec4 8;
    %jmp/0xz  T_10.46, 8;
    %pushi/vec4 1, 0, 1;
    %store/vec4 v0x5ca91d241c20_0, 0, 1;
T_10.46 ;
    %load/vec4 v0x5ca91d243ae0_0;
    %flag_set/vec4 8;
    %jmp/0xz  T_10.48, 8;
    %pushi/vec4 1, 0, 1;
    %store/vec4 v0x5ca91d241b60_0, 0, 1;
T_10.48 ;
    %load/vec4 v0x5ca91d243500_0;
    %flag_set/vec4 8;
    %jmp/0xz  T_10.50, 8;
    %pushi/vec4 1, 0, 1;
    %store/vec4 v0x5ca91d241a80_0, 0, 1;
T_10.50 ;
    %load/vec4 v0x5ca91d241cc0_0;
    %addi 1, 0, 32;
    %store/vec4 v0x5ca91d241cc0_0, 0, 32;
    %jmp T_10.41;
T_10.42 ;
    %load/vec4 v0x5ca91d241c20_0;
    %flag_set/vec4 8;
    %jmp/0xz  T_10.52, 8;
    %load/vec4 v0x5ca91d244630_0;
    %store/vec4 v0x5ca91d243a00_0, 0, 8;
T_10.52 ;
    %load/vec4 v0x5ca91d241cc0_0;
    %cmpi/s 200000, 0, 32;
    %flag_inv 5; GE is !LT
    %jmp/0xz  T_10.54, 5;
    %vpi_call/w 4 116 "$display", "  *** TIMEOUT waiting for an RX outcome ***" {0 0 0};
    %load/vec4 v0x5ca91d243420_0;
    %addi 1, 0, 32;
    %store/vec4 v0x5ca91d243420_0, 0, 32;
T_10.54 ;
    %end;
S_0x5ca91d241da0 .scope task, "wait_for_tx_and_rx" "wait_for_tx_and_rx" 4 131, 4 131 0, S_0x5ca91d1e3560;
 .timescale -9 -12;
v0x5ca91d241f80_0 .var "gf", 0 0;
v0x5ca91d242060_0 .var "gp", 0 0;
v0x5ca91d242120_0 .var "gv", 0 0;
TD_uart_tb.wait_for_tx_and_rx ;
    %fork t_4, S_0x5ca91d241da0;
    %fork t_5, S_0x5ca91d241da0;
    %join;
    %join;
    %jmp t_3;
t_4 ;
    %fork TD_uart_tb.wait_for_tx_done, S_0x5ca91d2421f0;
    %join;
    %end;
t_5 ;
    %fork TD_uart_tb.wait_for_rx_outcome, S_0x5ca91d2418a0;
    %join;
    %load/vec4 v0x5ca91d241c20_0;
    %store/vec4 v0x5ca91d242120_0, 0, 1;
    %load/vec4 v0x5ca91d241b60_0;
    %store/vec4 v0x5ca91d242060_0, 0, 1;
    %load/vec4 v0x5ca91d241a80_0;
    %store/vec4 v0x5ca91d241f80_0, 0, 1;
    %end;
    .scope S_0x5ca91d241da0;
t_3 ;
    %end;
S_0x5ca91d2421f0 .scope task, "wait_for_tx_done" "wait_for_tx_done" 4 75, 4 75 0, S_0x5ca91d1e3560;
 .timescale -9 -12;
v0x5ca91d2423d0_0 .var/i "timeout", 31 0;
TD_uart_tb.wait_for_tx_done ;
    %pushi/vec4 0, 0, 32;
    %store/vec4 v0x5ca91d2423d0_0, 0, 32;
T_12.56 ;
    %load/vec4 v0x5ca91d245950_0;
    %cmpi/ne 1, 0, 1;
    %flag_get/vec4 6;
    %jmp/0 T_12.58, 6;
    %load/vec4 v0x5ca91d2423d0_0;
    %cmpi/s 200000, 0, 32;
    %flag_get/vec4 5;
    %and;
T_12.58;
    %flag_set/vec4 8;
    %jmp/0xz T_12.57, 8;
    %wait E_0x5ca91d0ebd00;
    %load/vec4 v0x5ca91d2423d0_0;
    %addi 1, 0, 32;
    %store/vec4 v0x5ca91d2423d0_0, 0, 32;
    %jmp T_12.56;
T_12.57 ;
    %load/vec4 v0x5ca91d2423d0_0;
    %cmpi/s 200000, 0, 32;
    %flag_inv 5; GE is !LT
    %jmp/0xz  T_12.59, 5;
    %vpi_call/w 4 87 "$display", "  *** TIMEOUT waiting for tx_done ***" {0 0 0};
    %load/vec4 v0x5ca91d243420_0;
    %addi 1, 0, 32;
    %store/vec4 v0x5ca91d243420_0, 0, 32;
T_12.59 ;
    %end;
S_0x5ca91d2424d0 .scope task, "wait_none" "wait_none" 3 153, 3 153 0, S_0x5ca91d1e3560;
 .timescale -9 -12;
v0x5ca91d2428a0_0 .var "got", 7 0;
E_0x5ca91d2427c0 .event anyedge, v0x5ca91d236b50_0;
E_0x5ca91d242840 .event anyedge, v0x5ca91d238b50_0;
TD_uart_tb.wait_none ;
    %fork t_7, S_0x5ca91d2424d0;
    %fork t_8, S_0x5ca91d2424d0;
    %join;
    %join;
    %jmp t_6;
t_7 ;
T_13.61 ;
    %load/vec4 v0x5ca91d245b00_0;
    %pushi/vec4 1, 0, 1;
    %cmp/e;
    %flag_get/vec4 4;
    %cmpi/ne 1, 0, 1;
    %jmp/0xz T_13.62, 6;
    %wait E_0x5ca91d242840;
    %jmp T_13.61;
T_13.62 ;
    %end;
t_8 ;
T_13.63 ;
    %load/vec4 v0x5ca91d2451a0_0;
    %pushi/vec4 1, 0, 1;
    %cmp/e;
    %flag_get/vec4 4;
    %cmpi/ne 1, 0, 1;
    %jmp/0xz T_13.64, 6;
    %wait E_0x5ca91d2427c0;
    %jmp T_13.63;
T_13.64 ;
    %end;
    .scope S_0x5ca91d2424d0;
t_6 ;
    %load/vec4 v0x5ca91d244820_0;
    %store/vec4 v0x5ca91d2428a0_0, 0, 8;
    %end;
S_0x5ca91d2429a0 .scope task, "wait_odd" "wait_odd" 3 195, 3 195 0, S_0x5ca91d1e3560;
 .timescale -9 -12;
v0x5ca91d242c60_0 .var "got", 7 0;
E_0x5ca91d242b80 .event anyedge, v0x5ca91d23cbc0_0;
E_0x5ca91d242c00 .event anyedge, v0x5ca91d23ec90_0;
TD_uart_tb.wait_odd ;
    %fork t_10, S_0x5ca91d2429a0;
    %fork t_11, S_0x5ca91d2429a0;
    %join;
    %join;
    %jmp t_9;
t_10 ;
T_14.65 ;
    %load/vec4 v0x5ca91d245bf0_0;
    %pushi/vec4 1, 0, 1;
    %cmp/e;
    %flag_get/vec4 4;
    %cmpi/ne 1, 0, 1;
    %jmp/0xz T_14.66, 6;
    %wait E_0x5ca91d242c00;
    %jmp T_14.65;
T_14.66 ;
    %end;
t_11 ;
T_14.67 ;
    %load/vec4 v0x5ca91d245290_0;
    %pushi/vec4 1, 0, 1;
    %cmp/e;
    %flag_get/vec4 4;
    %cmpi/ne 1, 0, 1;
    %jmp/0xz T_14.68, 6;
    %wait E_0x5ca91d242b80;
    %jmp T_14.67;
T_14.68 ;
    %end;
    .scope S_0x5ca91d2429a0;
t_9 ;
    %load/vec4 v0x5ca91d244930_0;
    %store/vec4 v0x5ca91d242c60_0, 0, 8;
    %end;
    .scope S_0x5ca91d234bf0;
T_15 ;
    %wait E_0x5ca91d124850;
    %load/vec4 v0x5ca91d236360_0;
    %flag_set/vec4 8;
    %jmp/0xz  T_15.0, 8;
    %pushi/vec4 1, 0, 1;
    %assign/vec4 v0x5ca91d2369d0_0, 0;
    %pushi/vec4 1, 0, 1;
    %assign/vec4 v0x5ca91d236a90_0, 0;
    %jmp T_15.1;
T_15.0 ;
    %load/vec4 v0x5ca91d236400_0;
    %assign/vec4 v0x5ca91d2369d0_0, 0;
    %load/vec4 v0x5ca91d2369d0_0;
    %assign/vec4 v0x5ca91d236a90_0, 0;
T_15.1 ;
    %jmp T_15;
    .thread T_15;
    .scope S_0x5ca91d234bf0;
T_16 ;
    %wait E_0x5ca91d124850;
    %load/vec4 v0x5ca91d236360_0;
    %flag_set/vec4 8;
    %jmp/0xz  T_16.0, 8;
    %pushi/vec4 0, 0, 7;
    %assign/vec4 v0x5ca91d2361c0_0, 0;
    %jmp T_16.1;
T_16.0 ;
    %load/vec4 v0x5ca91d236720_0;
    %cmpi/e 0, 0, 1;
    %jmp/0xz  T_16.2, 4;
    %load/vec4 v0x5ca91d2361c0_0;
    %pad/u 32;
    %cmpi/u 110, 0, 32;
    %jmp/0xz  T_16.4, 5;
    %load/vec4 v0x5ca91d2361c0_0;
    %addi 1, 0, 7;
    %assign/vec4 v0x5ca91d2361c0_0, 0;
T_16.4 ;
    %jmp T_16.3;
T_16.2 ;
    %pushi/vec4 0, 0, 7;
    %assign/vec4 v0x5ca91d2361c0_0, 0;
T_16.3 ;
T_16.1 ;
    %jmp T_16;
    .thread T_16;
    .scope S_0x5ca91d234bf0;
T_17 ;
    %wait E_0x5ca91d124850;
    %load/vec4 v0x5ca91d236360_0;
    %flag_set/vec4 8;
    %jmp/0xz  T_17.0, 8;
    %pushi/vec4 0, 0, 3;
    %assign/vec4 v0x5ca91d236c10_0, 0;
    %pushi/vec4 0, 0, 4;
    %assign/vec4 v0x5ca91d235f60_0, 0;
    %pushi/vec4 0, 0, 3;
    %assign/vec4 v0x5ca91d235cd0_0, 0;
    %pushi/vec4 0, 0, 8;
    %assign/vec4 v0x5ca91d2368f0_0, 0;
    %pushi/vec4 0, 0, 1;
    %assign/vec4 v0x5ca91d236660_0, 0;
    %pushi/vec4 0, 0, 8;
    %assign/vec4 v0x5ca91d236580_0, 0;
    %pushi/vec4 0, 0, 1;
    %assign/vec4 v0x5ca91d236b50_0, 0;
    %pushi/vec4 0, 0, 1;
    %assign/vec4 v0x5ca91d2364c0_0, 0;
    %pushi/vec4 0, 0, 1;
    %assign/vec4 v0x5ca91d2362a0_0, 0;
    %pushi/vec4 0, 0, 1;
    %assign/vec4 v0x5ca91d236100_0, 0;
    %jmp T_17.1;
T_17.0 ;
    %pushi/vec4 0, 0, 1;
    %assign/vec4 v0x5ca91d236b50_0, 0;
    %pushi/vec4 0, 0, 1;
    %assign/vec4 v0x5ca91d2362a0_0, 0;
    %pushi/vec4 0, 0, 1;
    %assign/vec4 v0x5ca91d236100_0, 0;
    %load/vec4 v0x5ca91d235db0_0;
    %flag_set/vec4 10;
    %flag_get/vec4 10;
    %jmp/0 T_17.5, 10;
    %load/vec4 v0x5ca91d236c10_0;
    %pushi/vec4 0, 0, 3;
    %cmp/ne;
    %flag_get/vec4 4;
    %and;
T_17.5;
    %flag_set/vec4 9;
    %flag_get/vec4 9;
    %jmp/0 T_17.4, 9;
    %load/vec4 v0x5ca91d236c10_0;
    %pushi/vec4 5, 0, 3;
    %cmp/ne;
    %flag_get/vec4 4;
    %and;
T_17.4;
    %flag_set/vec4 8;
    %jmp/0xz  T_17.2, 8;
    %pushi/vec4 5, 0, 3;
    %assign/vec4 v0x5ca91d236c10_0, 0;
    %pushi/vec4 1, 0, 1;
    %assign/vec4 v0x5ca91d2364c0_0, 0;
    %jmp T_17.3;
T_17.2 ;
    %load/vec4 v0x5ca91d236c10_0;
    %dup/vec4;
    %pushi/vec4 0, 0, 3;
    %cmp/u;
    %jmp/1 T_17.6, 6;
    %dup/vec4;
    %pushi/vec4 1, 0, 3;
    %cmp/u;
    %jmp/1 T_17.7, 6;
    %dup/vec4;
    %pushi/vec4 2, 0, 3;
    %cmp/u;
    %jmp/1 T_17.8, 6;
    %dup/vec4;
    %pushi/vec4 3, 0, 3;
    %cmp/u;
    %jmp/1 T_17.9, 6;
    %dup/vec4;
    %pushi/vec4 4, 0, 3;
    %cmp/u;
    %jmp/1 T_17.10, 6;
    %dup/vec4;
    %pushi/vec4 5, 0, 3;
    %cmp/u;
    %jmp/1 T_17.11, 6;
    %pushi/vec4 0, 0, 3;
    %assign/vec4 v0x5ca91d236c10_0, 0;
    %jmp T_17.13;
T_17.6 ;
    %pushi/vec4 0, 0, 1;
    %assign/vec4 v0x5ca91d2364c0_0, 0;
    %load/vec4 v0x5ca91d236720_0;
    %cmpi/e 0, 0, 1;
    %jmp/0xz  T_17.14, 4;
    %pushi/vec4 1, 0, 1;
    %assign/vec4 v0x5ca91d2364c0_0, 0;
    %pushi/vec4 0, 0, 4;
    %assign/vec4 v0x5ca91d235f60_0, 0;
    %pushi/vec4 1, 0, 3;
    %assign/vec4 v0x5ca91d236c10_0, 0;
T_17.14 ;
    %jmp T_17.13;
T_17.7 ;
    %load/vec4 v0x5ca91d235f60_0;
    %pad/u 32;
    %cmpi/e 4, 0, 32;
    %jmp/0xz  T_17.16, 4;
    %load/vec4 v0x5ca91d236720_0;
    %cmpi/e 0, 0, 1;
    %jmp/0xz  T_17.18, 4;
    %pushi/vec4 0, 0, 4;
    %assign/vec4 v0x5ca91d235f60_0, 0;
    %pushi/vec4 0, 0, 3;
    %assign/vec4 v0x5ca91d235cd0_0, 0;
    %pushi/vec4 2, 0, 3;
    %assign/vec4 v0x5ca91d236c10_0, 0;
    %jmp T_17.19;
T_17.18 ;
    %pushi/vec4 0, 0, 1;
    %assign/vec4 v0x5ca91d2364c0_0, 0;
    %pushi/vec4 0, 0, 3;
    %assign/vec4 v0x5ca91d236c10_0, 0;
T_17.19 ;
    %jmp T_17.17;
T_17.16 ;
    %load/vec4 v0x5ca91d235f60_0;
    %addi 1, 0, 4;
    %assign/vec4 v0x5ca91d235f60_0, 0;
T_17.17 ;
    %jmp T_17.13;
T_17.8 ;
    %load/vec4 v0x5ca91d235f60_0;
    %pad/u 32;
    %cmpi/e 9, 0, 32;
    %jmp/0xz  T_17.20, 4;
    %pushi/vec4 0, 0, 4;
    %assign/vec4 v0x5ca91d235f60_0, 0;
    %load/vec4 v0x5ca91d236720_0;
    %ix/load 5, 0, 0;
    %ix/getv 4, v0x5ca91d235cd0_0;
    %assign/vec4/off/d v0x5ca91d2368f0_0, 4, 5;
    %load/vec4 v0x5ca91d235cd0_0;
    %pad/u 32;
    %cmpi/e 7, 0, 32;
    %jmp/0xz  T_17.22, 4;
    %pushi/vec4 4, 0, 3;
    %assign/vec4 v0x5ca91d236c10_0, 0;
    %jmp T_17.23;
T_17.22 ;
    %load/vec4 v0x5ca91d235cd0_0;
    %addi 1, 0, 3;
    %assign/vec4 v0x5ca91d235cd0_0, 0;
T_17.23 ;
    %jmp T_17.21;
T_17.20 ;
    %load/vec4 v0x5ca91d235f60_0;
    %addi 1, 0, 4;
    %assign/vec4 v0x5ca91d235f60_0, 0;
T_17.21 ;
    %jmp T_17.13;
T_17.9 ;
    %load/vec4 v0x5ca91d235f60_0;
    %pad/u 32;
    %cmpi/e 9, 0, 32;
    %jmp/0xz  T_17.24, 4;
    %pushi/vec4 0, 0, 4;
    %assign/vec4 v0x5ca91d235f60_0, 0;
    %load/vec4 v0x5ca91d236720_0;
    %assign/vec4 v0x5ca91d236660_0, 0;
    %pushi/vec4 4, 0, 3;
    %assign/vec4 v0x5ca91d236c10_0, 0;
    %jmp T_17.25;
T_17.24 ;
    %load/vec4 v0x5ca91d235f60_0;
    %addi 1, 0, 4;
    %assign/vec4 v0x5ca91d235f60_0, 0;
T_17.25 ;
    %jmp T_17.13;
T_17.10 ;
    %load/vec4 v0x5ca91d235f60_0;
    %pad/u 32;
    %cmpi/e 9, 0, 32;
    %jmp/0xz  T_17.26, 4;
    %pushi/vec4 0, 0, 1;
    %assign/vec4 v0x5ca91d2364c0_0, 0;
    %pushi/vec4 0, 0, 3;
    %assign/vec4 v0x5ca91d236c10_0, 0;
    %load/vec4 v0x5ca91d2368f0_0;
    %assign/vec4 v0x5ca91d236580_0, 0;
    %load/vec4 v0x5ca91d236720_0;
    %cmpi/e 1, 0, 1;
    %jmp/0xz  T_17.28, 4;
    %pushi/vec4 1, 0, 1;
    %assign/vec4 v0x5ca91d236b50_0, 0;
    %jmp T_17.29;
T_17.28 ;
    %pushi/vec4 1, 0, 1;
    %assign/vec4 v0x5ca91d236100_0, 0;
T_17.29 ;
    %jmp T_17.27;
T_17.26 ;
    %load/vec4 v0x5ca91d235f60_0;
    %addi 1, 0, 4;
    %assign/vec4 v0x5ca91d235f60_0, 0;
T_17.27 ;
    %jmp T_17.13;
T_17.11 ;
    %pushi/vec4 1, 0, 1;
    %assign/vec4 v0x5ca91d2364c0_0, 0;
    %load/vec4 v0x5ca91d236720_0;
    %cmpi/e 1, 0, 1;
    %jmp/0xz  T_17.30, 4;
    %pushi/vec4 0, 0, 1;
    %assign/vec4 v0x5ca91d2364c0_0, 0;
    %pushi/vec4 0, 0, 3;
    %assign/vec4 v0x5ca91d236c10_0, 0;
T_17.30 ;
    %jmp T_17.13;
T_17.13 ;
    %pop/vec4 1;
T_17.3 ;
T_17.1 ;
    %jmp T_17;
    .thread T_17;
    .scope S_0x5ca91d236e10;
T_18 ;
    %wait E_0x5ca91d124850;
    %load/vec4 v0x5ca91d237580_0;
    %flag_set/vec4 8;
    %jmp/0xz  T_18.0, 8;
    %pushi/vec4 0, 0, 4;
    %assign/vec4 v0x5ca91d2374a0_0, 0;
    %jmp T_18.1;
T_18.0 ;
    %load/vec4 v0x5ca91d237620_0;
    %flag_set/vec4 8;
    %jmp/0xz  T_18.2, 8;
    %pushi/vec4 0, 0, 4;
    %assign/vec4 v0x5ca91d2374a0_0, 0;
    %jmp T_18.3;
T_18.2 ;
    %load/vec4 v0x5ca91d2376e0_0;
    %flag_set/vec4 8;
    %jmp/0xz  T_18.4, 8;
    %pushi/vec4 0, 0, 4;
    %assign/vec4 v0x5ca91d2374a0_0, 0;
    %jmp T_18.5;
T_18.4 ;
    %load/vec4 v0x5ca91d2374a0_0;
    %addi 1, 0, 4;
    %assign/vec4 v0x5ca91d2374a0_0, 0;
T_18.5 ;
T_18.3 ;
T_18.1 ;
    %jmp T_18;
    .thread T_18;
    .scope S_0x5ca91d237820;
T_19 ;
    %wait E_0x5ca91d124850;
    %load/vec4 v0x5ca91d2386f0_0;
    %flag_set/vec4 8;
    %jmp/0xz  T_19.0, 8;
    %pushi/vec4 0, 0, 3;
    %assign/vec4 v0x5ca91d238870_0, 0;
    %pushi/vec4 1, 0, 1;
    %assign/vec4 v0x5ca91d238950_0, 0;
    %pushi/vec4 0, 0, 1;
    %assign/vec4 v0x5ca91d2389f0_0, 0;
    %pushi/vec4 0, 0, 1;
    %assign/vec4 v0x5ca91d238b50_0, 0;
    %pushi/vec4 0, 0, 8;
    %assign/vec4 v0x5ca91d238790_0, 0;
    %pushi/vec4 0, 0, 3;
    %assign/vec4 v0x5ca91d238400_0, 0;
    %pushi/vec4 0, 0, 1;
    %assign/vec4 v0x5ca91d238630_0, 0;
    %jmp T_19.1;
T_19.0 ;
    %pushi/vec4 0, 0, 1;
    %assign/vec4 v0x5ca91d238b50_0, 0;
    %load/vec4 v0x5ca91d238870_0;
    %dup/vec4;
    %pushi/vec4 0, 0, 3;
    %cmp/u;
    %jmp/1 T_19.2, 6;
    %dup/vec4;
    %pushi/vec4 1, 0, 3;
    %cmp/u;
    %jmp/1 T_19.3, 6;
    %dup/vec4;
    %pushi/vec4 2, 0, 3;
    %cmp/u;
    %jmp/1 T_19.4, 6;
    %dup/vec4;
    %pushi/vec4 3, 0, 3;
    %cmp/u;
    %jmp/1 T_19.5, 6;
    %dup/vec4;
    %pushi/vec4 4, 0, 3;
    %cmp/u;
    %jmp/1 T_19.6, 6;
    %pushi/vec4 0, 0, 3;
    %assign/vec4 v0x5ca91d238870_0, 0;
    %jmp T_19.8;
T_19.2 ;
    %pushi/vec4 1, 0, 1;
    %assign/vec4 v0x5ca91d238950_0, 0;
    %pushi/vec4 0, 0, 1;
    %assign/vec4 v0x5ca91d2389f0_0, 0;
    %load/vec4 v0x5ca91d238c10_0;
    %flag_set/vec4 8;
    %jmp/0xz  T_19.9, 8;
    %load/vec4 v0x5ca91d238a90_0;
    %assign/vec4 v0x5ca91d238790_0, 0;
    %load/vec4 v0x5ca91d238590_0;
    %assign/vec4 v0x5ca91d238630_0, 0;
    %pushi/vec4 0, 0, 1;
    %assign/vec4 v0x5ca91d238950_0, 0;
    %pushi/vec4 1, 0, 1;
    %assign/vec4 v0x5ca91d2389f0_0, 0;
    %pushi/vec4 0, 0, 3;
    %assign/vec4 v0x5ca91d238400_0, 0;
    %pushi/vec4 1, 0, 3;
    %assign/vec4 v0x5ca91d238870_0, 0;
T_19.9 ;
    %jmp T_19.8;
T_19.3 ;
    %load/vec4 v0x5ca91d238330_0;
    %flag_set/vec4 8;
    %jmp/0xz  T_19.11, 8;
    %load/vec4 v0x5ca91d238790_0;
    %parti/s 1, 0, 2;
    %assign/vec4 v0x5ca91d238950_0, 0;
    %pushi/vec4 2, 0, 3;
    %assign/vec4 v0x5ca91d238870_0, 0;
T_19.11 ;
    %jmp T_19.8;
T_19.4 ;
    %load/vec4 v0x5ca91d238330_0;
    %flag_set/vec4 8;
    %jmp/0xz  T_19.13, 8;
    %load/vec4 v0x5ca91d238400_0;
    %pad/u 32;
    %cmpi/e 7, 0, 32;
    %jmp/0xz  T_19.15, 4;
    %pushi/vec4 1, 0, 1;
    %assign/vec4 v0x5ca91d238950_0, 0;
    %pushi/vec4 4, 0, 3;
    %assign/vec4 v0x5ca91d238870_0, 0;
    %jmp T_19.16;
T_19.15 ;
    %load/vec4 v0x5ca91d238400_0;
    %addi 1, 0, 3;
    %assign/vec4 v0x5ca91d238400_0, 0;
    %load/vec4 v0x5ca91d238790_0;
    %load/vec4 v0x5ca91d238400_0;
    %addi 1, 0, 3;
    %part/u 1;
    %assign/vec4 v0x5ca91d238950_0, 0;
T_19.16 ;
T_19.13 ;
    %jmp T_19.8;
T_19.5 ;
    %load/vec4 v0x5ca91d238330_0;
    %flag_set/vec4 8;
    %jmp/0xz  T_19.17, 8;
    %pushi/vec4 1, 0, 1;
    %assign/vec4 v0x5ca91d238950_0, 0;
    %pushi/vec4 4, 0, 3;
    %assign/vec4 v0x5ca91d238870_0, 0;
T_19.17 ;
    %jmp T_19.8;
T_19.6 ;
    %load/vec4 v0x5ca91d238330_0;
    %flag_set/vec4 8;
    %jmp/0xz  T_19.19, 8;
    %pushi/vec4 1, 0, 1;
    %assign/vec4 v0x5ca91d238950_0, 0;
    %pushi/vec4 0, 0, 1;
    %assign/vec4 v0x5ca91d2389f0_0, 0;
    %pushi/vec4 1, 0, 1;
    %assign/vec4 v0x5ca91d238b50_0, 0;
    %pushi/vec4 0, 0, 3;
    %assign/vec4 v0x5ca91d238870_0, 0;
T_19.19 ;
    %jmp T_19.8;
T_19.8 ;
    %pop/vec4 1;
T_19.1 ;
    %jmp T_19;
    .thread T_19;
    .scope S_0x5ca91d22f650;
T_20 ;
    %wait E_0x5ca91d124850;
    %load/vec4 v0x5ca91d230a50_0;
    %flag_set/vec4 8;
    %jmp/0xz  T_20.0, 8;
    %pushi/vec4 1, 0, 1;
    %assign/vec4 v0x5ca91d230fd0_0, 0;
    %pushi/vec4 1, 0, 1;
    %assign/vec4 v0x5ca91d231090_0, 0;
    %jmp T_20.1;
T_20.0 ;
    %load/vec4 v0x5ca91d230b10_0;
    %assign/vec4 v0x5ca91d230fd0_0, 0;
    %load/vec4 v0x5ca91d230fd0_0;
    %assign/vec4 v0x5ca91d231090_0, 0;
T_20.1 ;
    %jmp T_20;
    .thread T_20;
    .scope S_0x5ca91d22f650;
T_21 ;
    %wait E_0x5ca91d124850;
    %load/vec4 v0x5ca91d230a50_0;
    %flag_set/vec4 8;
    %jmp/0xz  T_21.0, 8;
    %pushi/vec4 0, 0, 7;
    %assign/vec4 v0x5ca91d2308b0_0, 0;
    %jmp T_21.1;
T_21.0 ;
    %load/vec4 v0x5ca91d230e30_0;
    %cmpi/e 0, 0, 1;
    %jmp/0xz  T_21.2, 4;
    %load/vec4 v0x5ca91d2308b0_0;
    %pad/u 32;
    %cmpi/u 120, 0, 32;
    %jmp/0xz  T_21.4, 5;
    %load/vec4 v0x5ca91d2308b0_0;
    %addi 1, 0, 7;
    %assign/vec4 v0x5ca91d2308b0_0, 0;
T_21.4 ;
    %jmp T_21.3;
T_21.2 ;
    %pushi/vec4 0, 0, 7;
    %assign/vec4 v0x5ca91d2308b0_0, 0;
T_21.3 ;
T_21.1 ;
    %jmp T_21;
    .thread T_21;
    .scope S_0x5ca91d22f650;
T_22 ;
    %wait E_0x5ca91d124850;
    %load/vec4 v0x5ca91d230a50_0;
    %flag_set/vec4 8;
    %jmp/0xz  T_22.0, 8;
    %pushi/vec4 0, 0, 3;
    %assign/vec4 v0x5ca91d231210_0, 0;
    %pushi/vec4 0, 0, 4;
    %assign/vec4 v0x5ca91d230650_0, 0;
    %pushi/vec4 0, 0, 3;
    %assign/vec4 v0x5ca91d2303a0_0, 0;
    %pushi/vec4 0, 0, 8;
    %assign/vec4 v0x5ca91d230ef0_0, 0;
    %pushi/vec4 0, 0, 1;
    %assign/vec4 v0x5ca91d230d70_0, 0;
    %pushi/vec4 0, 0, 8;
    %assign/vec4 v0x5ca91d230c90_0, 0;
    %pushi/vec4 0, 0, 1;
    %assign/vec4 v0x5ca91d231150_0, 0;
    %pushi/vec4 0, 0, 1;
    %assign/vec4 v0x5ca91d230bd0_0, 0;
    %pushi/vec4 0, 0, 1;
    %assign/vec4 v0x5ca91d230990_0, 0;
    %pushi/vec4 0, 0, 1;
    %assign/vec4 v0x5ca91d2307f0_0, 0;
    %jmp T_22.1;
T_22.0 ;
    %pushi/vec4 0, 0, 1;
    %assign/vec4 v0x5ca91d231150_0, 0;
    %pushi/vec4 0, 0, 1;
    %assign/vec4 v0x5ca91d230990_0, 0;
    %pushi/vec4 0, 0, 1;
    %assign/vec4 v0x5ca91d2307f0_0, 0;
    %load/vec4 v0x5ca91d230480_0;
    %flag_set/vec4 10;
    %flag_get/vec4 10;
    %jmp/0 T_22.5, 10;
    %load/vec4 v0x5ca91d231210_0;
    %pushi/vec4 0, 0, 3;
    %cmp/ne;
    %flag_get/vec4 4;
    %and;
T_22.5;
    %flag_set/vec4 9;
    %flag_get/vec4 9;
    %jmp/0 T_22.4, 9;
    %load/vec4 v0x5ca91d231210_0;
    %pushi/vec4 5, 0, 3;
    %cmp/ne;
    %flag_get/vec4 4;
    %and;
T_22.4;
    %flag_set/vec4 8;
    %jmp/0xz  T_22.2, 8;
    %pushi/vec4 5, 0, 3;
    %assign/vec4 v0x5ca91d231210_0, 0;
    %pushi/vec4 1, 0, 1;
    %assign/vec4 v0x5ca91d230bd0_0, 0;
    %jmp T_22.3;
T_22.2 ;
    %load/vec4 v0x5ca91d231210_0;
    %dup/vec4;
    %pushi/vec4 0, 0, 3;
    %cmp/u;
    %jmp/1 T_22.6, 6;
    %dup/vec4;
    %pushi/vec4 1, 0, 3;
    %cmp/u;
    %jmp/1 T_22.7, 6;
    %dup/vec4;
    %pushi/vec4 2, 0, 3;
    %cmp/u;
    %jmp/1 T_22.8, 6;
    %dup/vec4;
    %pushi/vec4 3, 0, 3;
    %cmp/u;
    %jmp/1 T_22.9, 6;
    %dup/vec4;
    %pushi/vec4 4, 0, 3;
    %cmp/u;
    %jmp/1 T_22.10, 6;
    %dup/vec4;
    %pushi/vec4 5, 0, 3;
    %cmp/u;
    %jmp/1 T_22.11, 6;
    %pushi/vec4 0, 0, 3;
    %assign/vec4 v0x5ca91d231210_0, 0;
    %jmp T_22.13;
T_22.6 ;
    %pushi/vec4 0, 0, 1;
    %assign/vec4 v0x5ca91d230bd0_0, 0;
    %load/vec4 v0x5ca91d230e30_0;
    %cmpi/e 0, 0, 1;
    %jmp/0xz  T_22.14, 4;
    %pushi/vec4 1, 0, 1;
    %assign/vec4 v0x5ca91d230bd0_0, 0;
    %pushi/vec4 0, 0, 4;
    %assign/vec4 v0x5ca91d230650_0, 0;
    %pushi/vec4 1, 0, 3;
    %assign/vec4 v0x5ca91d231210_0, 0;
T_22.14 ;
    %jmp T_22.13;
T_22.7 ;
    %load/vec4 v0x5ca91d230650_0;
    %pad/u 32;
    %cmpi/e 4, 0, 32;
    %jmp/0xz  T_22.16, 4;
    %load/vec4 v0x5ca91d230e30_0;
    %cmpi/e 0, 0, 1;
    %jmp/0xz  T_22.18, 4;
    %pushi/vec4 0, 0, 4;
    %assign/vec4 v0x5ca91d230650_0, 0;
    %pushi/vec4 0, 0, 3;
    %assign/vec4 v0x5ca91d2303a0_0, 0;
    %pushi/vec4 2, 0, 3;
    %assign/vec4 v0x5ca91d231210_0, 0;
    %jmp T_22.19;
T_22.18 ;
    %pushi/vec4 0, 0, 1;
    %assign/vec4 v0x5ca91d230bd0_0, 0;
    %pushi/vec4 0, 0, 3;
    %assign/vec4 v0x5ca91d231210_0, 0;
T_22.19 ;
    %jmp T_22.17;
T_22.16 ;
    %load/vec4 v0x5ca91d230650_0;
    %addi 1, 0, 4;
    %assign/vec4 v0x5ca91d230650_0, 0;
T_22.17 ;
    %jmp T_22.13;
T_22.8 ;
    %load/vec4 v0x5ca91d230650_0;
    %pad/u 32;
    %cmpi/e 9, 0, 32;
    %jmp/0xz  T_22.20, 4;
    %pushi/vec4 0, 0, 4;
    %assign/vec4 v0x5ca91d230650_0, 0;
    %load/vec4 v0x5ca91d230e30_0;
    %ix/load 5, 0, 0;
    %ix/getv 4, v0x5ca91d2303a0_0;
    %assign/vec4/off/d v0x5ca91d230ef0_0, 4, 5;
    %load/vec4 v0x5ca91d2303a0_0;
    %pad/u 32;
    %cmpi/e 7, 0, 32;
    %jmp/0xz  T_22.22, 4;
    %pushi/vec4 3, 0, 3;
    %assign/vec4 v0x5ca91d231210_0, 0;
    %jmp T_22.23;
T_22.22 ;
    %load/vec4 v0x5ca91d2303a0_0;
    %addi 1, 0, 3;
    %assign/vec4 v0x5ca91d2303a0_0, 0;
T_22.23 ;
    %jmp T_22.21;
T_22.20 ;
    %load/vec4 v0x5ca91d230650_0;
    %addi 1, 0, 4;
    %assign/vec4 v0x5ca91d230650_0, 0;
T_22.21 ;
    %jmp T_22.13;
T_22.9 ;
    %load/vec4 v0x5ca91d230650_0;
    %pad/u 32;
    %cmpi/e 9, 0, 32;
    %jmp/0xz  T_22.24, 4;
    %pushi/vec4 0, 0, 4;
    %assign/vec4 v0x5ca91d230650_0, 0;
    %load/vec4 v0x5ca91d230e30_0;
    %assign/vec4 v0x5ca91d230d70_0, 0;
    %pushi/vec4 4, 0, 3;
    %assign/vec4 v0x5ca91d231210_0, 0;
    %jmp T_22.25;
T_22.24 ;
    %load/vec4 v0x5ca91d230650_0;
    %addi 1, 0, 4;
    %assign/vec4 v0x5ca91d230650_0, 0;
T_22.25 ;
    %jmp T_22.13;
T_22.10 ;
    %load/vec4 v0x5ca91d230650_0;
    %pad/u 32;
    %cmpi/e 9, 0, 32;
    %jmp/0xz  T_22.26, 4;
    %pushi/vec4 0, 0, 1;
    %assign/vec4 v0x5ca91d230bd0_0, 0;
    %pushi/vec4 0, 0, 3;
    %assign/vec4 v0x5ca91d231210_0, 0;
    %load/vec4 v0x5ca91d230ef0_0;
    %assign/vec4 v0x5ca91d230c90_0, 0;
    %load/vec4 v0x5ca91d230e30_0;
    %cmpi/e 1, 0, 1;
    %jmp/0xz  T_22.28, 4;
    %pushi/vec4 0, 0, 1;
    %flag_set/vec4 8;
    %jmp/1 T_22.32, 8;
    %load/vec4 v0x5ca91d230d70_0;
    %load/vec4 v0x5ca91d230730_0;
    %cmp/e;
    %flag_or 8, 4;
T_22.32;
    %jmp/0xz  T_22.30, 8;
    %pushi/vec4 1, 0, 1;
    %assign/vec4 v0x5ca91d231150_0, 0;
    %jmp T_22.31;
T_22.30 ;
    %pushi/vec4 1, 0, 1;
    %assign/vec4 v0x5ca91d230990_0, 0;
T_22.31 ;
    %jmp T_22.29;
T_22.28 ;
    %pushi/vec4 1, 0, 1;
    %assign/vec4 v0x5ca91d2307f0_0, 0;
    %pushi/vec4 1, 0, 1;
    %flag_set/vec4 9;
    %flag_get/vec4 9;
    %jmp/0 T_22.35, 9;
    %load/vec4 v0x5ca91d230d70_0;
    %load/vec4 v0x5ca91d230730_0;
    %cmp/ne;
    %flag_get/vec4 4;
    %and;
T_22.35;
    %flag_set/vec4 8;
    %jmp/0xz  T_22.33, 8;
    %pushi/vec4 1, 0, 1;
    %assign/vec4 v0x5ca91d230990_0, 0;
T_22.33 ;
T_22.29 ;
    %jmp T_22.27;
T_22.26 ;
    %load/vec4 v0x5ca91d230650_0;
    %addi 1, 0, 4;
    %assign/vec4 v0x5ca91d230650_0, 0;
T_22.27 ;
    %jmp T_22.13;
T_22.11 ;
    %pushi/vec4 1, 0, 1;
    %assign/vec4 v0x5ca91d230bd0_0, 0;
    %load/vec4 v0x5ca91d230e30_0;
    %cmpi/e 1, 0, 1;
    %jmp/0xz  T_22.36, 4;
    %pushi/vec4 0, 0, 1;
    %assign/vec4 v0x5ca91d230bd0_0, 0;
    %pushi/vec4 0, 0, 3;
    %assign/vec4 v0x5ca91d231210_0, 0;
T_22.36 ;
    %jmp T_22.13;
T_22.13 ;
    %pop/vec4 1;
T_22.3 ;
T_22.1 ;
    %jmp T_22;
    .thread T_22;
    .scope S_0x5ca91d231410;
T_23 ;
    %wait E_0x5ca91d124850;
    %load/vec4 v0x5ca91d231b50_0;
    %flag_set/vec4 8;
    %jmp/0xz  T_23.0, 8;
    %pushi/vec4 0, 0, 4;
    %assign/vec4 v0x5ca91d231a40_0, 0;
    %jmp T_23.1;
T_23.0 ;
    %load/vec4 v0x5ca91d231bf0_0;
    %flag_set/vec4 8;
    %jmp/0xz  T_23.2, 8;
    %pushi/vec4 0, 0, 4;
    %assign/vec4 v0x5ca91d231a40_0, 0;
    %jmp T_23.3;
T_23.2 ;
    %load/vec4 v0x5ca91d231c90_0;
    %flag_set/vec4 8;
    %jmp/0xz  T_23.4, 8;
    %pushi/vec4 0, 0, 4;
    %assign/vec4 v0x5ca91d231a40_0, 0;
    %jmp T_23.5;
T_23.4 ;
    %load/vec4 v0x5ca91d231a40_0;
    %addi 1, 0, 4;
    %assign/vec4 v0x5ca91d231a40_0, 0;
T_23.5 ;
T_23.3 ;
T_23.1 ;
    %jmp T_23;
    .thread T_23;
    .scope S_0x5ca91d231e00;
T_24 ;
    %wait E_0x5ca91d124850;
    %load/vec4 v0x5ca91d232b60_0;
    %flag_set/vec4 8;
    %jmp/0xz  T_24.0, 8;
    %pushi/vec4 0, 0, 3;
    %assign/vec4 v0x5ca91d232ce0_0, 0;
    %pushi/vec4 1, 0, 1;
    %assign/vec4 v0x5ca91d232dc0_0, 0;
    %pushi/vec4 0, 0, 1;
    %assign/vec4 v0x5ca91d232e60_0, 0;
    %pushi/vec4 0, 0, 1;
    %assign/vec4 v0x5ca91d232fe0_0, 0;
    %pushi/vec4 0, 0, 8;
    %assign/vec4 v0x5ca91d232c00_0, 0;
    %pushi/vec4 0, 0, 3;
    %assign/vec4 v0x5ca91d232820_0, 0;
    %pushi/vec4 0, 0, 1;
    %assign/vec4 v0x5ca91d232aa0_0, 0;
    %jmp T_24.1;
T_24.0 ;
    %pushi/vec4 0, 0, 1;
    %assign/vec4 v0x5ca91d232fe0_0, 0;
    %load/vec4 v0x5ca91d232ce0_0;
    %dup/vec4;
    %pushi/vec4 0, 0, 3;
    %cmp/u;
    %jmp/1 T_24.2, 6;
    %dup/vec4;
    %pushi/vec4 1, 0, 3;
    %cmp/u;
    %jmp/1 T_24.3, 6;
    %dup/vec4;
    %pushi/vec4 2, 0, 3;
    %cmp/u;
    %jmp/1 T_24.4, 6;
    %dup/vec4;
    %pushi/vec4 3, 0, 3;
    %cmp/u;
    %jmp/1 T_24.5, 6;
    %dup/vec4;
    %pushi/vec4 4, 0, 3;
    %cmp/u;
    %jmp/1 T_24.6, 6;
    %pushi/vec4 0, 0, 3;
    %assign/vec4 v0x5ca91d232ce0_0, 0;
    %jmp T_24.8;
T_24.2 ;
    %pushi/vec4 1, 0, 1;
    %assign/vec4 v0x5ca91d232dc0_0, 0;
    %pushi/vec4 0, 0, 1;
    %assign/vec4 v0x5ca91d232e60_0, 0;
    %load/vec4 v0x5ca91d2330a0_0;
    %flag_set/vec4 8;
    %jmp/0xz  T_24.9, 8;
    %load/vec4 v0x5ca91d232f00_0;
    %assign/vec4 v0x5ca91d232c00_0, 0;
    %load/vec4 v0x5ca91d232a00_0;
    %assign/vec4 v0x5ca91d232aa0_0, 0;
    %pushi/vec4 0, 0, 1;
    %assign/vec4 v0x5ca91d232dc0_0, 0;
    %pushi/vec4 1, 0, 1;
    %assign/vec4 v0x5ca91d232e60_0, 0;
    %pushi/vec4 0, 0, 3;
    %assign/vec4 v0x5ca91d232820_0, 0;
    %pushi/vec4 1, 0, 3;
    %assign/vec4 v0x5ca91d232ce0_0, 0;
T_24.9 ;
    %jmp T_24.8;
T_24.3 ;
    %load/vec4 v0x5ca91d232750_0;
    %flag_set/vec4 8;
    %jmp/0xz  T_24.11, 8;
    %load/vec4 v0x5ca91d232c00_0;
    %parti/s 1, 0, 2;
    %assign/vec4 v0x5ca91d232dc0_0, 0;
    %pushi/vec4 2, 0, 3;
    %assign/vec4 v0x5ca91d232ce0_0, 0;
T_24.11 ;
    %jmp T_24.8;
T_24.4 ;
    %load/vec4 v0x5ca91d232750_0;
    %flag_set/vec4 8;
    %jmp/0xz  T_24.13, 8;
    %load/vec4 v0x5ca91d232820_0;
    %pad/u 32;
    %cmpi/e 7, 0, 32;
    %jmp/0xz  T_24.15, 4;
    %load/vec4 v0x5ca91d232aa0_0;
    %assign/vec4 v0x5ca91d232dc0_0, 0;
    %pushi/vec4 3, 0, 3;
    %assign/vec4 v0x5ca91d232ce0_0, 0;
    %jmp T_24.16;
T_24.15 ;
    %load/vec4 v0x5ca91d232820_0;
    %addi 1, 0, 3;
    %assign/vec4 v0x5ca91d232820_0, 0;
    %load/vec4 v0x5ca91d232c00_0;
    %load/vec4 v0x5ca91d232820_0;
    %addi 1, 0, 3;
    %part/u 1;
    %assign/vec4 v0x5ca91d232dc0_0, 0;
T_24.16 ;
T_24.13 ;
    %jmp T_24.8;
T_24.5 ;
    %load/vec4 v0x5ca91d232750_0;
    %flag_set/vec4 8;
    %jmp/0xz  T_24.17, 8;
    %pushi/vec4 1, 0, 1;
    %assign/vec4 v0x5ca91d232dc0_0, 0;
    %pushi/vec4 4, 0, 3;
    %assign/vec4 v0x5ca91d232ce0_0, 0;
T_24.17 ;
    %jmp T_24.8;
T_24.6 ;
    %load/vec4 v0x5ca91d232750_0;
    %flag_set/vec4 8;
    %jmp/0xz  T_24.19, 8;
    %pushi/vec4 1, 0, 1;
    %assign/vec4 v0x5ca91d232dc0_0, 0;
    %pushi/vec4 0, 0, 1;
    %assign/vec4 v0x5ca91d232e60_0, 0;
    %pushi/vec4 1, 0, 1;
    %assign/vec4 v0x5ca91d232fe0_0, 0;
    %pushi/vec4 0, 0, 3;
    %assign/vec4 v0x5ca91d232ce0_0, 0;
T_24.19 ;
    %jmp T_24.8;
T_24.8 ;
    %pop/vec4 1;
T_24.1 ;
    %jmp T_24;
    .thread T_24;
    .scope S_0x5ca91d23a8f0;
T_25 ;
    %wait E_0x5ca91d124850;
    %load/vec4 v0x5ca91d23c2c0_0;
    %flag_set/vec4 8;
    %jmp/0xz  T_25.0, 8;
    %pushi/vec4 1, 0, 1;
    %assign/vec4 v0x5ca91d23ca40_0, 0;
    %pushi/vec4 1, 0, 1;
    %assign/vec4 v0x5ca91d23cb00_0, 0;
    %jmp T_25.1;
T_25.0 ;
    %load/vec4 v0x5ca91d23c470_0;
    %assign/vec4 v0x5ca91d23ca40_0, 0;
    %load/vec4 v0x5ca91d23ca40_0;
    %assign/vec4 v0x5ca91d23cb00_0, 0;
T_25.1 ;
    %jmp T_25;
    .thread T_25;
    .scope S_0x5ca91d23a8f0;
T_26 ;
    %wait E_0x5ca91d124850;
    %load/vec4 v0x5ca91d23c2c0_0;
    %flag_set/vec4 8;
    %jmp/0xz  T_26.0, 8;
    %pushi/vec4 0, 0, 7;
    %assign/vec4 v0x5ca91d23c120_0, 0;
    %jmp T_26.1;
T_26.0 ;
    %load/vec4 v0x5ca91d23c8a0_0;
    %cmpi/e 0, 0, 1;
    %jmp/0xz  T_26.2, 4;
    %load/vec4 v0x5ca91d23c120_0;
    %pad/u 32;
    %cmpi/u 120, 0, 32;
    %jmp/0xz  T_26.4, 5;
    %load/vec4 v0x5ca91d23c120_0;
    %addi 1, 0, 7;
    %assign/vec4 v0x5ca91d23c120_0, 0;
T_26.4 ;
    %jmp T_26.3;
T_26.2 ;
    %pushi/vec4 0, 0, 7;
    %assign/vec4 v0x5ca91d23c120_0, 0;
T_26.3 ;
T_26.1 ;
    %jmp T_26;
    .thread T_26;
    .scope S_0x5ca91d23a8f0;
T_27 ;
    %wait E_0x5ca91d124850;
    %load/vec4 v0x5ca91d23c2c0_0;
    %flag_set/vec4 8;
    %jmp/0xz  T_27.0, 8;
    %pushi/vec4 0, 0, 3;
    %assign/vec4 v0x5ca91d23cc80_0, 0;
    %pushi/vec4 0, 0, 4;
    %assign/vec4 v0x5ca91d23bec0_0, 0;
    %pushi/vec4 0, 0, 3;
    %assign/vec4 v0x5ca91d23bb20_0, 0;
    %pushi/vec4 0, 0, 8;
    %assign/vec4 v0x5ca91d23c960_0, 0;
    %pushi/vec4 0, 0, 1;
    %assign/vec4 v0x5ca91d23c6d0_0, 0;
    %pushi/vec4 0, 0, 8;
    %assign/vec4 v0x5ca91d23c5f0_0, 0;
    %pushi/vec4 0, 0, 1;
    %assign/vec4 v0x5ca91d23cbc0_0, 0;
    %pushi/vec4 0, 0, 1;
    %assign/vec4 v0x5ca91d23c530_0, 0;
    %pushi/vec4 0, 0, 1;
    %assign/vec4 v0x5ca91d23c200_0, 0;
    %pushi/vec4 0, 0, 1;
    %assign/vec4 v0x5ca91d23c060_0, 0;
    %jmp T_27.1;
T_27.0 ;
    %pushi/vec4 0, 0, 1;
    %assign/vec4 v0x5ca91d23cbc0_0, 0;
    %pushi/vec4 0, 0, 1;
    %assign/vec4 v0x5ca91d23c200_0, 0;
    %pushi/vec4 0, 0, 1;
    %assign/vec4 v0x5ca91d23c060_0, 0;
    %load/vec4 v0x5ca91d23bc50_0;
    %flag_set/vec4 10;
    %flag_get/vec4 10;
    %jmp/0 T_27.5, 10;
    %load/vec4 v0x5ca91d23cc80_0;
    %pushi/vec4 0, 0, 3;
    %cmp/ne;
    %flag_get/vec4 4;
    %and;
T_27.5;
    %flag_set/vec4 9;
    %flag_get/vec4 9;
    %jmp/0 T_27.4, 9;
    %load/vec4 v0x5ca91d23cc80_0;
    %pushi/vec4 5, 0, 3;
    %cmp/ne;
    %flag_get/vec4 4;
    %and;
T_27.4;
    %flag_set/vec4 8;
    %jmp/0xz  T_27.2, 8;
    %pushi/vec4 5, 0, 3;
    %assign/vec4 v0x5ca91d23cc80_0, 0;
    %pushi/vec4 1, 0, 1;
    %assign/vec4 v0x5ca91d23c530_0, 0;
    %jmp T_27.3;
T_27.2 ;
    %load/vec4 v0x5ca91d23cc80_0;
    %dup/vec4;
    %pushi/vec4 0, 0, 3;
    %cmp/u;
    %jmp/1 T_27.6, 6;
    %dup/vec4;
    %pushi/vec4 1, 0, 3;
    %cmp/u;
    %jmp/1 T_27.7, 6;
    %dup/vec4;
    %pushi/vec4 2, 0, 3;
    %cmp/u;
    %jmp/1 T_27.8, 6;
    %dup/vec4;
    %pushi/vec4 3, 0, 3;
    %cmp/u;
    %jmp/1 T_27.9, 6;
    %dup/vec4;
    %pushi/vec4 4, 0, 3;
    %cmp/u;
    %jmp/1 T_27.10, 6;
    %dup/vec4;
    %pushi/vec4 5, 0, 3;
    %cmp/u;
    %jmp/1 T_27.11, 6;
    %pushi/vec4 0, 0, 3;
    %assign/vec4 v0x5ca91d23cc80_0, 0;
    %jmp T_27.13;
T_27.6 ;
    %pushi/vec4 0, 0, 1;
    %assign/vec4 v0x5ca91d23c530_0, 0;
    %load/vec4 v0x5ca91d23c8a0_0;
    %cmpi/e 0, 0, 1;
    %jmp/0xz  T_27.14, 4;
    %pushi/vec4 1, 0, 1;
    %assign/vec4 v0x5ca91d23c530_0, 0;
    %pushi/vec4 0, 0, 4;
    %assign/vec4 v0x5ca91d23bec0_0, 0;
    %pushi/vec4 1, 0, 3;
    %assign/vec4 v0x5ca91d23cc80_0, 0;
T_27.14 ;
    %jmp T_27.13;
T_27.7 ;
    %load/vec4 v0x5ca91d23bec0_0;
    %pad/u 32;
    %cmpi/e 4, 0, 32;
    %jmp/0xz  T_27.16, 4;
    %load/vec4 v0x5ca91d23c8a0_0;
    %cmpi/e 0, 0, 1;
    %jmp/0xz  T_27.18, 4;
    %pushi/vec4 0, 0, 4;
    %assign/vec4 v0x5ca91d23bec0_0, 0;
    %pushi/vec4 0, 0, 3;
    %assign/vec4 v0x5ca91d23bb20_0, 0;
    %pushi/vec4 2, 0, 3;
    %assign/vec4 v0x5ca91d23cc80_0, 0;
    %jmp T_27.19;
T_27.18 ;
    %pushi/vec4 0, 0, 1;
    %assign/vec4 v0x5ca91d23c530_0, 0;
    %pushi/vec4 0, 0, 3;
    %assign/vec4 v0x5ca91d23cc80_0, 0;
T_27.19 ;
    %jmp T_27.17;
T_27.16 ;
    %load/vec4 v0x5ca91d23bec0_0;
    %addi 1, 0, 4;
    %assign/vec4 v0x5ca91d23bec0_0, 0;
T_27.17 ;
    %jmp T_27.13;
T_27.8 ;
    %load/vec4 v0x5ca91d23bec0_0;
    %pad/u 32;
    %cmpi/e 9, 0, 32;
    %jmp/0xz  T_27.20, 4;
    %pushi/vec4 0, 0, 4;
    %assign/vec4 v0x5ca91d23bec0_0, 0;
    %load/vec4 v0x5ca91d23c8a0_0;
    %ix/load 5, 0, 0;
    %ix/getv 4, v0x5ca91d23bb20_0;
    %assign/vec4/off/d v0x5ca91d23c960_0, 4, 5;
    %load/vec4 v0x5ca91d23bb20_0;
    %pad/u 32;
    %cmpi/e 7, 0, 32;
    %jmp/0xz  T_27.22, 4;
    %pushi/vec4 3, 0, 3;
    %assign/vec4 v0x5ca91d23cc80_0, 0;
    %jmp T_27.23;
T_27.22 ;
    %load/vec4 v0x5ca91d23bb20_0;
    %addi 1, 0, 3;
    %assign/vec4 v0x5ca91d23bb20_0, 0;
T_27.23 ;
    %jmp T_27.21;
T_27.20 ;
    %load/vec4 v0x5ca91d23bec0_0;
    %addi 1, 0, 4;
    %assign/vec4 v0x5ca91d23bec0_0, 0;
T_27.21 ;
    %jmp T_27.13;
T_27.9 ;
    %load/vec4 v0x5ca91d23bec0_0;
    %pad/u 32;
    %cmpi/e 9, 0, 32;
    %jmp/0xz  T_27.24, 4;
    %pushi/vec4 0, 0, 4;
    %assign/vec4 v0x5ca91d23bec0_0, 0;
    %load/vec4 v0x5ca91d23c8a0_0;
    %assign/vec4 v0x5ca91d23c6d0_0, 0;
    %pushi/vec4 4, 0, 3;
    %assign/vec4 v0x5ca91d23cc80_0, 0;
    %jmp T_27.25;
T_27.24 ;
    %load/vec4 v0x5ca91d23bec0_0;
    %addi 1, 0, 4;
    %assign/vec4 v0x5ca91d23bec0_0, 0;
T_27.25 ;
    %jmp T_27.13;
T_27.10 ;
    %load/vec4 v0x5ca91d23bec0_0;
    %pad/u 32;
    %cmpi/e 9, 0, 32;
    %jmp/0xz  T_27.26, 4;
    %pushi/vec4 0, 0, 1;
    %assign/vec4 v0x5ca91d23c530_0, 0;
    %pushi/vec4 0, 0, 3;
    %assign/vec4 v0x5ca91d23cc80_0, 0;
    %load/vec4 v0x5ca91d23c960_0;
    %assign/vec4 v0x5ca91d23c5f0_0, 0;
    %load/vec4 v0x5ca91d23c8a0_0;
    %cmpi/e 1, 0, 1;
    %jmp/0xz  T_27.28, 4;
    %pushi/vec4 0, 0, 1;
    %flag_set/vec4 8;
    %jmp/1 T_27.32, 8;
    %load/vec4 v0x5ca91d23c6d0_0;
    %load/vec4 v0x5ca91d23bfa0_0;
    %cmp/e;
    %flag_or 8, 4;
T_27.32;
    %jmp/0xz  T_27.30, 8;
    %pushi/vec4 1, 0, 1;
    %assign/vec4 v0x5ca91d23cbc0_0, 0;
    %jmp T_27.31;
T_27.30 ;
    %pushi/vec4 1, 0, 1;
    %assign/vec4 v0x5ca91d23c200_0, 0;
T_27.31 ;
    %jmp T_27.29;
T_27.28 ;
    %pushi/vec4 1, 0, 1;
    %assign/vec4 v0x5ca91d23c060_0, 0;
    %pushi/vec4 1, 0, 1;
    %flag_set/vec4 9;
    %flag_get/vec4 9;
    %jmp/0 T_27.35, 9;
    %load/vec4 v0x5ca91d23c6d0_0;
    %load/vec4 v0x5ca91d23bfa0_0;
    %cmp/ne;
    %flag_get/vec4 4;
    %and;
T_27.35;
    %flag_set/vec4 8;
    %jmp/0xz  T_27.33, 8;
    %pushi/vec4 1, 0, 1;
    %assign/vec4 v0x5ca91d23c200_0, 0;
T_27.33 ;
T_27.29 ;
    %jmp T_27.27;
T_27.26 ;
    %load/vec4 v0x5ca91d23bec0_0;
    %addi 1, 0, 4;
    %assign/vec4 v0x5ca91d23bec0_0, 0;
T_27.27 ;
    %jmp T_27.13;
T_27.11 ;
    %pushi/vec4 1, 0, 1;
    %assign/vec4 v0x5ca91d23c530_0, 0;
    %load/vec4 v0x5ca91d23c8a0_0;
    %cmpi/e 1, 0, 1;
    %jmp/0xz  T_27.36, 4;
    %pushi/vec4 0, 0, 1;
    %assign/vec4 v0x5ca91d23c530_0, 0;
    %pushi/vec4 0, 0, 3;
    %assign/vec4 v0x5ca91d23cc80_0, 0;
T_27.36 ;
    %jmp T_27.13;
T_27.13 ;
    %pop/vec4 1;
T_27.3 ;
T_27.1 ;
    %jmp T_27;
    .thread T_27;
    .scope S_0x5ca91d23ce80;
T_28 ;
    %wait E_0x5ca91d124850;
    %load/vec4 v0x5ca91d23d5b0_0;
    %flag_set/vec4 8;
    %jmp/0xz  T_28.0, 8;
    %pushi/vec4 0, 0, 4;
    %assign/vec4 v0x5ca91d23d480_0, 0;
    %jmp T_28.1;
T_28.0 ;
    %load/vec4 v0x5ca91d23d650_0;
    %flag_set/vec4 8;
    %jmp/0xz  T_28.2, 8;
    %pushi/vec4 0, 0, 4;
    %assign/vec4 v0x5ca91d23d480_0, 0;
    %jmp T_28.3;
T_28.2 ;
    %load/vec4 v0x5ca91d23d710_0;
    %flag_set/vec4 8;
    %jmp/0xz  T_28.4, 8;
    %pushi/vec4 0, 0, 4;
    %assign/vec4 v0x5ca91d23d480_0, 0;
    %jmp T_28.5;
T_28.4 ;
    %load/vec4 v0x5ca91d23d480_0;
    %addi 1, 0, 4;
    %assign/vec4 v0x5ca91d23d480_0, 0;
T_28.5 ;
T_28.3 ;
T_28.1 ;
    %jmp T_28;
    .thread T_28;
    .scope S_0x5ca91d23d850;
T_29 ;
    %wait E_0x5ca91d124850;
    %load/vec4 v0x5ca91d23e800_0;
    %flag_set/vec4 8;
    %jmp/0xz  T_29.0, 8;
    %pushi/vec4 0, 0, 3;
    %assign/vec4 v0x5ca91d23e980_0, 0;
    %pushi/vec4 1, 0, 1;
    %assign/vec4 v0x5ca91d23ea60_0, 0;
    %pushi/vec4 0, 0, 1;
    %assign/vec4 v0x5ca91d23eb30_0, 0;
    %pushi/vec4 0, 0, 1;
    %assign/vec4 v0x5ca91d23ec90_0, 0;
    %pushi/vec4 0, 0, 8;
    %assign/vec4 v0x5ca91d23e8a0_0, 0;
    %pushi/vec4 0, 0, 3;
    %assign/vec4 v0x5ca91d23e540_0, 0;
    %pushi/vec4 0, 0, 1;
    %assign/vec4 v0x5ca91d23e740_0, 0;
    %jmp T_29.1;
T_29.0 ;
    %pushi/vec4 0, 0, 1;
    %assign/vec4 v0x5ca91d23ec90_0, 0;
    %load/vec4 v0x5ca91d23e980_0;
    %dup/vec4;
    %pushi/vec4 0, 0, 3;
    %cmp/u;
    %jmp/1 T_29.2, 6;
    %dup/vec4;
    %pushi/vec4 1, 0, 3;
    %cmp/u;
    %jmp/1 T_29.3, 6;
    %dup/vec4;
    %pushi/vec4 2, 0, 3;
    %cmp/u;
    %jmp/1 T_29.4, 6;
    %dup/vec4;
    %pushi/vec4 3, 0, 3;
    %cmp/u;
    %jmp/1 T_29.5, 6;
    %dup/vec4;
    %pushi/vec4 4, 0, 3;
    %cmp/u;
    %jmp/1 T_29.6, 6;
    %pushi/vec4 0, 0, 3;
    %assign/vec4 v0x5ca91d23e980_0, 0;
    %jmp T_29.8;
T_29.2 ;
    %pushi/vec4 1, 0, 1;
    %assign/vec4 v0x5ca91d23ea60_0, 0;
    %pushi/vec4 0, 0, 1;
    %assign/vec4 v0x5ca91d23eb30_0, 0;
    %load/vec4 v0x5ca91d23ed50_0;
    %flag_set/vec4 8;
    %jmp/0xz  T_29.9, 8;
    %load/vec4 v0x5ca91d23ebd0_0;
    %assign/vec4 v0x5ca91d23e8a0_0, 0;
    %load/vec4 v0x5ca91d23e680_0;
    %assign/vec4 v0x5ca91d23e740_0, 0;
    %pushi/vec4 0, 0, 1;
    %assign/vec4 v0x5ca91d23ea60_0, 0;
    %pushi/vec4 1, 0, 1;
    %assign/vec4 v0x5ca91d23eb30_0, 0;
    %pushi/vec4 0, 0, 3;
    %assign/vec4 v0x5ca91d23e540_0, 0;
    %pushi/vec4 1, 0, 3;
    %assign/vec4 v0x5ca91d23e980_0, 0;
T_29.9 ;
    %jmp T_29.8;
T_29.3 ;
    %load/vec4 v0x5ca91d23e450_0;
    %flag_set/vec4 8;
    %jmp/0xz  T_29.11, 8;
    %load/vec4 v0x5ca91d23e8a0_0;
    %parti/s 1, 0, 2;
    %assign/vec4 v0x5ca91d23ea60_0, 0;
    %pushi/vec4 2, 0, 3;
    %assign/vec4 v0x5ca91d23e980_0, 0;
T_29.11 ;
    %jmp T_29.8;
T_29.4 ;
    %load/vec4 v0x5ca91d23e450_0;
    %flag_set/vec4 8;
    %jmp/0xz  T_29.13, 8;
    %load/vec4 v0x5ca91d23e540_0;
    %pad/u 32;
    %cmpi/e 7, 0, 32;
    %jmp/0xz  T_29.15, 4;
    %load/vec4 v0x5ca91d23e740_0;
    %assign/vec4 v0x5ca91d23ea60_0, 0;
    %pushi/vec4 3, 0, 3;
    %assign/vec4 v0x5ca91d23e980_0, 0;
    %jmp T_29.16;
T_29.15 ;
    %load/vec4 v0x5ca91d23e540_0;
    %addi 1, 0, 3;
    %assign/vec4 v0x5ca91d23e540_0, 0;
    %load/vec4 v0x5ca91d23e8a0_0;
    %load/vec4 v0x5ca91d23e540_0;
    %addi 1, 0, 3;
    %part/u 1;
    %assign/vec4 v0x5ca91d23ea60_0, 0;
T_29.16 ;
T_29.13 ;
    %jmp T_29.8;
T_29.5 ;
    %load/vec4 v0x5ca91d23e450_0;
    %flag_set/vec4 8;
    %jmp/0xz  T_29.17, 8;
    %pushi/vec4 1, 0, 1;
    %assign/vec4 v0x5ca91d23ea60_0, 0;
    %pushi/vec4 4, 0, 3;
    %assign/vec4 v0x5ca91d23e980_0, 0;
T_29.17 ;
    %jmp T_29.8;
T_29.6 ;
    %load/vec4 v0x5ca91d23e450_0;
    %flag_set/vec4 8;
    %jmp/0xz  T_29.19, 8;
    %pushi/vec4 1, 0, 1;
    %assign/vec4 v0x5ca91d23ea60_0, 0;
    %pushi/vec4 0, 0, 1;
    %assign/vec4 v0x5ca91d23eb30_0, 0;
    %pushi/vec4 1, 0, 1;
    %assign/vec4 v0x5ca91d23ec90_0, 0;
    %pushi/vec4 0, 0, 3;
    %assign/vec4 v0x5ca91d23e980_0, 0;
T_29.19 ;
    %jmp T_29.8;
T_29.8 ;
    %pop/vec4 1;
T_29.1 ;
    %jmp T_29;
    .thread T_29;
    .scope S_0x5ca91d1e3560;
T_30 ;
    %pushi/vec4 0, 0, 1;
    %store/vec4 v0x5ca91d243380_0, 0, 1;
    %pushi/vec4 1, 0, 1;
    %store/vec4 v0x5ca91d244120_0, 0, 1;
    %pushi/vec4 0, 0, 32;
    %store/vec4 v0x5ca91d243f80_0, 0, 32;
    %pushi/vec4 0, 0, 32;
    %store/vec4 v0x5ca91d243420_0, 0, 32;
    %pushi/vec4 0, 0, 32;
    %store/vec4 v0x5ca91d245420_0, 0, 32;
    %end;
    .thread T_30, $init;
    .scope S_0x5ca91d1e3560;
T_31 ;
    %delay 5000, 0;
    %load/vec4 v0x5ca91d243380_0;
    %inv;
    %store/vec4 v0x5ca91d243380_0, 0, 1;
    %jmp T_31;
    .thread T_31;
    .scope S_0x5ca91d1e3560;
T_32 ;
    %pushi/vec4 0, 0, 8;
    %store/vec4 v0x5ca91d245890_0, 0, 8;
    %pushi/vec4 0, 0, 1;
    %store/vec4 v0x5ca91d2460a0_0, 0, 1;
    %vpi_call/w 3 233 "$display", "----------------------------------------" {0 0 0};
    %vpi_call/w 3 234 "$display", "UART LOOPBACK TEST (NONE / EVEN / ODD parity)" {0 0 0};
    %vpi_call/w 3 235 "$display", "CLK_FREQ_HZ=%0d BAUD_RATE=%0d CLKS_PER_BIT=%0d", P_0x5ca91d1c3590, P_0x5ca91d1c3510, P_0x5ca91d1c3550 {0 0 0};
    %vpi_call/w 3 237 "$display", "----------------------------------------" {0 0 0};
    %pushi/vec4 1, 0, 1;
    %store/vec4 v0x5ca91d244120_0, 0, 1;
    %pushi/vec4 3, 0, 32;
T_32.0 %dup/vec4;
    %pushi/vec4 0, 0, 32;
    %cmp/s;
    %jmp/1xz T_32.1, 5;
    %jmp/1 T_32.1, 4;
    %pushi/vec4 1, 0, 32;
    %sub;
    %wait E_0x5ca91d124850;
    %jmp T_32.0;
T_32.1 ;
    %pop/vec4 1;
    %wait E_0x5ca91d0ebd00;
    %pushi/vec4 0, 0, 32; draw_string_vec4
    %pushi/vec4 0, 0, 32; draw_string_vec4
    %concat/vec4; draw_string_vec4
    %pushi/vec4 0, 0, 32; draw_string_vec4
    %concat/vec4; draw_string_vec4
    %pushi/vec4 0, 0, 32; draw_string_vec4
    %concat/vec4; draw_string_vec4
    %pushi/vec4 0, 0, 32; draw_string_vec4
    %concat/vec4; draw_string_vec4
    %pushi/vec4 0, 0, 32; draw_string_vec4
    %concat/vec4; draw_string_vec4
    %pushi/vec4 21093, 0, 32; draw_string_vec4
    %concat/vec4; draw_string_vec4
    %pushi/vec4 1936028730, 0, 32; draw_string_vec4
    %concat/vec4; draw_string_vec4
    %pushi/vec4 544503840, 0, 32; draw_string_vec4
    %concat/vec4; draw_string_vec4
    %pushi/vec4 1768189029, 0, 32; draw_string_vec4
    %concat/vec4; draw_string_vec4
    %pushi/vec4 543713639, 0, 32; draw_string_vec4
    %concat/vec4; draw_string_vec4
    %pushi/vec4 1746937934, 0, 32; draw_string_vec4
    %concat/vec4; draw_string_vec4
    %pushi/vec4 1330529577, 0, 32; draw_string_vec4
    %concat/vec4; draw_string_vec4
    %store/vec4 v0x5ca91d22ed10_0, 0, 416;
    %load/vec4 v0x5ca91d245e40_0;
    %pushi/vec4 1, 0, 1;
    %cmp/e;
    %flag_get/vec4 6;
    %store/vec4 v0x5ca91d22ec50_0, 0, 1;
    %fork TD_uart_tb.check_cond, S_0x5ca91d1f5d20;
    %join;
    %pushi/vec4 0, 0, 32; draw_string_vec4
    %pushi/vec4 0, 0, 32; draw_string_vec4
    %concat/vec4; draw_string_vec4
    %pushi/vec4 0, 0, 32; draw_string_vec4
    %concat/vec4; draw_string_vec4
    %pushi/vec4 0, 0, 32; draw_string_vec4
    %concat/vec4; draw_string_vec4
    %pushi/vec4 0, 0, 32; draw_string_vec4
    %concat/vec4; draw_string_vec4
    %pushi/vec4 0, 0, 32; draw_string_vec4
    %concat/vec4; draw_string_vec4
    %pushi/vec4 21093, 0, 32; draw_string_vec4
    %concat/vec4; draw_string_vec4
    %pushi/vec4 1936028730, 0, 32; draw_string_vec4
    %concat/vec4; draw_string_vec4
    %pushi/vec4 544503840, 0, 32; draw_string_vec4
    %concat/vec4; draw_string_vec4
    %pushi/vec4 1768189029, 0, 32; draw_string_vec4
    %concat/vec4; draw_string_vec4
    %pushi/vec4 543713639, 0, 32; draw_string_vec4
    %concat/vec4; draw_string_vec4
    %pushi/vec4 1746937925, 0, 32; draw_string_vec4
    %concat/vec4; draw_string_vec4
    %pushi/vec4 1447382569, 0, 32; draw_string_vec4
    %concat/vec4; draw_string_vec4
    %store/vec4 v0x5ca91d22ed10_0, 0, 416;
    %load/vec4 v0x5ca91d245ce0_0;
    %pushi/vec4 1, 0, 1;
    %cmp/e;
    %flag_get/vec4 6;
    %store/vec4 v0x5ca91d22ec50_0, 0, 1;
    %fork TD_uart_tb.check_cond, S_0x5ca91d1f5d20;
    %join;
    %pushi/vec4 0, 0, 32; draw_string_vec4
    %pushi/vec4 0, 0, 32; draw_string_vec4
    %concat/vec4; draw_string_vec4
    %pushi/vec4 0, 0, 32; draw_string_vec4
    %concat/vec4; draw_string_vec4
    %pushi/vec4 0, 0, 32; draw_string_vec4
    %concat/vec4; draw_string_vec4
    %pushi/vec4 0, 0, 32; draw_string_vec4
    %concat/vec4; draw_string_vec4
    %pushi/vec4 0, 0, 32; draw_string_vec4
    %concat/vec4; draw_string_vec4
    %pushi/vec4 82, 0, 32; draw_string_vec4
    %concat/vec4; draw_string_vec4
    %pushi/vec4 1702061428, 0, 32; draw_string_vec4
    %concat/vec4; draw_string_vec4
    %pushi/vec4 975205496, 0, 32; draw_string_vec4
    %concat/vec4; draw_string_vec4
    %pushi/vec4 543777900, 0, 32; draw_string_vec4
    %concat/vec4; draw_string_vec4
    %pushi/vec4 1696622697, 0, 32; draw_string_vec4
    %concat/vec4; draw_string_vec4
    %pushi/vec4 1734877224, 0, 32; draw_string_vec4
    %concat/vec4; draw_string_vec4
    %pushi/vec4 1329873961, 0, 32; draw_string_vec4
    %concat/vec4; draw_string_vec4
    %store/vec4 v0x5ca91d22ed10_0, 0, 416;
    %load/vec4 v0x5ca91d245f70_0;
    %pushi/vec4 1, 0, 1;
    %cmp/e;
    %flag_get/vec4 6;
    %store/vec4 v0x5ca91d22ec50_0, 0, 1;
    %fork TD_uart_tb.check_cond, S_0x5ca91d1f5d20;
    %join;
    %pushi/vec4 0, 0, 32; draw_string_vec4
    %pushi/vec4 0, 0, 32; draw_string_vec4
    %concat/vec4; draw_string_vec4
    %pushi/vec4 0, 0, 32; draw_string_vec4
    %concat/vec4; draw_string_vec4
    %pushi/vec4 0, 0, 32; draw_string_vec4
    %concat/vec4; draw_string_vec4
    %pushi/vec4 0, 0, 32; draw_string_vec4
    %concat/vec4; draw_string_vec4
    %pushi/vec4 0, 0, 32; draw_string_vec4
    %concat/vec4; draw_string_vec4
    %pushi/vec4 82, 0, 32; draw_string_vec4
    %concat/vec4; draw_string_vec4
    %pushi/vec4 1702061428, 0, 32; draw_string_vec4
    %concat/vec4; draw_string_vec4
    %pushi/vec4 975205496, 0, 32; draw_string_vec4
    %concat/vec4; draw_string_vec4
    %pushi/vec4 1600288115, 0, 32; draw_string_vec4
    %concat/vec4; draw_string_vec4
    %pushi/vec4 2032168047, 0, 32; draw_string_vec4
    %concat/vec4; draw_string_vec4
    %pushi/vec4 1998596174, 0, 32; draw_string_vec4
    %concat/vec4; draw_string_vec4
    %pushi/vec4 1330529577, 0, 32; draw_string_vec4
    %concat/vec4; draw_string_vec4
    %store/vec4 v0x5ca91d22ed10_0, 0, 416;
    %load/vec4 v0x5ca91d2456b0_0;
    %pushi/vec4 0, 0, 1;
    %cmp/e;
    %flag_get/vec4 6;
    %store/vec4 v0x5ca91d22ec50_0, 0, 1;
    %fork TD_uart_tb.check_cond, S_0x5ca91d1f5d20;
    %join;
    %pushi/vec4 0, 0, 32; draw_string_vec4
    %pushi/vec4 0, 0, 32; draw_string_vec4
    %concat/vec4; draw_string_vec4
    %pushi/vec4 0, 0, 32; draw_string_vec4
    %concat/vec4; draw_string_vec4
    %pushi/vec4 0, 0, 32; draw_string_vec4
    %concat/vec4; draw_string_vec4
    %pushi/vec4 0, 0, 32; draw_string_vec4
    %concat/vec4; draw_string_vec4
    %pushi/vec4 0, 0, 32; draw_string_vec4
    %concat/vec4; draw_string_vec4
    %pushi/vec4 82, 0, 32; draw_string_vec4
    %concat/vec4; draw_string_vec4
    %pushi/vec4 1702061428, 0, 32; draw_string_vec4
    %concat/vec4; draw_string_vec4
    %pushi/vec4 975204984, 0, 32; draw_string_vec4
    %concat/vec4; draw_string_vec4
    %pushi/vec4 1600288115, 0, 32; draw_string_vec4
    %concat/vec4; draw_string_vec4
    %pushi/vec4 2032168047, 0, 32; draw_string_vec4
    %concat/vec4; draw_string_vec4
    %pushi/vec4 1998596174, 0, 32; draw_string_vec4
    %concat/vec4; draw_string_vec4
    %pushi/vec4 1330529577, 0, 32; draw_string_vec4
    %concat/vec4; draw_string_vec4
    %store/vec4 v0x5ca91d22ed10_0, 0, 416;
    %load/vec4 v0x5ca91d244450_0;
    %pushi/vec4 0, 0, 1;
    %cmp/e;
    %flag_get/vec4 6;
    %store/vec4 v0x5ca91d22ec50_0, 0, 1;
    %fork TD_uart_tb.check_cond, S_0x5ca91d1f5d20;
    %join;
    %pushi/vec4 0, 0, 32; draw_string_vec4
    %pushi/vec4 0, 0, 32; draw_string_vec4
    %concat/vec4; draw_string_vec4
    %pushi/vec4 0, 0, 32; draw_string_vec4
    %concat/vec4; draw_string_vec4
    %pushi/vec4 0, 0, 32; draw_string_vec4
    %concat/vec4; draw_string_vec4
    %pushi/vec4 0, 0, 32; draw_string_vec4
    %concat/vec4; draw_string_vec4
    %pushi/vec4 1382380389, 0, 32; draw_string_vec4
    %concat/vec4; draw_string_vec4
    %pushi/vec4 1949966446, 0, 32; draw_string_vec4
    %concat/vec4; draw_string_vec4
    %pushi/vec4 1864394098, 0, 32; draw_string_vec4
    %concat/vec4; draw_string_vec4
    %pushi/vec4 1919906419, 0, 32; draw_string_vec4
    %concat/vec4; draw_string_vec4
    %pushi/vec4 543257459, 0, 32; draw_string_vec4
    %concat/vec4; draw_string_vec4
    %pushi/vec4 1701999717, 0, 32; draw_string_vec4
    %concat/vec4; draw_string_vec4
    %pushi/vec4 1679829061, 0, 32; draw_string_vec4
    %concat/vec4; draw_string_vec4
    %pushi/vec4 1447382569, 0, 32; draw_string_vec4
    %concat/vec4; draw_string_vec4
    %store/vec4 v0x5ca91d22ed10_0, 0, 416;
    %load/vec4 v0x5ca91d243cb0_0;
    %nor/r;
    %flag_set/vec4 9;
    %flag_get/vec4 9;
    %jmp/0 T_32.3, 9;
    %load/vec4 v0x5ca91d2435c0_0;
    %nor/r;
    %and;
T_32.3;
    %flag_set/vec4 8;
    %flag_get/vec4 8;
    %jmp/0 T_32.2, 8;
    %load/vec4 v0x5ca91d242e40_0;
    %nor/r;
    %and;
T_32.2;
    %store/vec4 v0x5ca91d22ec50_0, 0, 1;
    %fork TD_uart_tb.check_cond, S_0x5ca91d1f5d20;
    %join;
    %pushi/vec4 0, 0, 1;
    %store/vec4 v0x5ca91d244120_0, 0, 1;
    %wait E_0x5ca91d124850;
    %pushi/vec4 5, 0, 32;
T_32.4 %dup/vec4;
    %pushi/vec4 0, 0, 32;
    %cmp/s;
    %jmp/1xz T_32.5, 5;
    %jmp/1 T_32.5, 4;
    %pushi/vec4 1, 0, 32;
    %sub;
    %wait E_0x5ca91d124850;
    %jmp T_32.4;
T_32.5 ;
    %pop/vec4 1;
    %pushi/vec4 0, 0, 32; draw_string_vec4
    %pushi/vec4 1415061609, 0, 32; draw_string_vec4
    %concat/vec4; draw_string_vec4
    %pushi/vec4 1684825402, 0, 32; draw_string_vec4
    %concat/vec4; draw_string_vec4
    %pushi/vec4 543975790, 0, 32; draw_string_vec4
    %concat/vec4; draw_string_vec4
    %pushi/vec4 1696625524, 0, 32; draw_string_vec4
    %concat/vec4; draw_string_vec4
    %pushi/vec4 1635349280, 0, 32; draw_string_vec4
    %concat/vec4; draw_string_vec4
    %pushi/vec4 1751738216, 0, 32; draw_string_vec4
    %concat/vec4; draw_string_vec4
    %pushi/vec4 544696692, 0, 32; draw_string_vec4
    %concat/vec4; draw_string_vec4
    %pushi/vec4 1746955887, 0, 32; draw_string_vec4
    %concat/vec4; draw_string_vec4
    %pushi/vec4 544503903, 0, 32; draw_string_vec4
    %concat/vec4; draw_string_vec4
    %pushi/vec4 1937006962, 0, 32; draw_string_vec4
    %concat/vec4; draw_string_vec4
    %pushi/vec4 1948264526, 0, 32; draw_string_vec4
    %concat/vec4; draw_string_vec4
    %pushi/vec4 1330529577, 0, 32; draw_string_vec4
    %concat/vec4; draw_string_vec4
    %store/vec4 v0x5ca91d22ed10_0, 0, 416;
    %load/vec4 v0x5ca91d245e40_0;
    %pushi/vec4 1, 0, 1;
    %cmp/e;
    %flag_get/vec4 6;
    %store/vec4 v0x5ca91d22ec50_0, 0, 1;
    %fork TD_uart_tb.check_cond, S_0x5ca91d1f5d20;
    %join;
    %fork t_13, S_0x5ca91d1e3560;
    %fork t_14, S_0x5ca91d1e3560;
    %fork t_15, S_0x5ca91d1e3560;
    %join;
    %join;
    %join;
    %jmp t_12;
t_13 ;
    %pushi/vec4 165, 0, 8;
    %store/vec4 v0x5ca91d1cbdd0_0, 0, 8;
    %fork TD_uart_tb.capture_and_check_frame, S_0x5ca91d1f59a0;
    %join;
    %end;
t_14 ;
    %pushi/vec4 165, 0, 8;
    %store/vec4 v0x5ca91d2410c0_0, 0, 8;
    %fork TD_uart_tb.send_none, S_0x5ca91d240ea0;
    %join;
    %end;
t_15 ;
T_32.6 ;
    %load/vec4 v0x5ca91d2451a0_0;
    %pushi/vec4 1, 0, 1;
    %cmp/e;
    %flag_get/vec4 4;
    %cmpi/ne 1, 0, 1;
    %jmp/0xz T_32.7, 6;
    %wait E_0x5ca91d2427c0;
    %jmp T_32.6;
T_32.7 ;
    %end;
    .scope S_0x5ca91d1e3560;
t_12 ;
    %pushi/vec4 0, 0, 32; draw_string_vec4
    %pushi/vec4 0, 0, 32; draw_string_vec4
    %concat/vec4; draw_string_vec4
    %pushi/vec4 0, 0, 32; draw_string_vec4
    %concat/vec4; draw_string_vec4
    %pushi/vec4 1399418471, 0, 32; draw_string_vec4
    %concat/vec4; draw_string_vec4
    %pushi/vec4 1818570082, 0, 32; draw_string_vec4
    %concat/vec4; draw_string_vec4
    %pushi/vec4 2037671200, 0, 32; draw_string_vec4
    %concat/vec4; draw_string_vec4
    %pushi/vec4 1415064894, 0, 32; draw_string_vec4
    %concat/vec4; draw_string_vec4
    %pushi/vec4 1381507180, 0, 32; draw_string_vec4
    %concat/vec4; draw_string_vec4
    %pushi/vec4 1869574242, 0, 32; draw_string_vec4
    %concat/vec4; draw_string_vec4
    %pushi/vec4 1633905452, 0, 32; draw_string_vec4
    %concat/vec4; draw_string_vec4
    %pushi/vec4 542003022, 0, 32; draw_string_vec4
    %concat/vec4; draw_string_vec4
    %pushi/vec4 1159735344, 0, 32; draw_string_vec4
    %concat/vec4; draw_string_vec4
    %pushi/vec4 2017539369, 0, 32; draw_string_vec4
    %concat/vec4; draw_string_vec4
    %store/vec4 v0x5ca91d22eb10_0, 0, 416;
    %pushi/vec4 165, 0, 8;
    %store/vec4 v0x5ca91d22ea30_0, 0, 8;
    %load/vec4 v0x5ca91d244820_0;
    %store/vec4 v0x5ca91d1b1c10_0, 0, 8;
    %fork TD_uart_tb.check_byte, S_0x5ca91d1f60a0;
    %join;
T_32.8 ;
    %load/vec4 v0x5ca91d245b00_0;
    %pushi/vec4 1, 0, 1;
    %cmp/e;
    %flag_get/vec4 4;
    %cmpi/ne 1, 0, 1;
    %jmp/0xz T_32.9, 6;
    %wait E_0x5ca91d242840;
    %jmp T_32.8;
T_32.9 ;
    %pushi/vec4 7632991, 0, 32; draw_string_vec4
    %pushi/vec4 1651864441, 0, 32; draw_string_vec4
    %concat/vec4; draw_string_vec4
    %pushi/vec4 543450465, 0, 32; draw_string_vec4
    %concat/vec4; draw_string_vec4
    %pushi/vec4 1936942450, 0, 32; draw_string_vec4
    %concat/vec4; draw_string_vec4
    %pushi/vec4 1952801824, 0, 32; draw_string_vec4
    %concat/vec4; draw_string_vec4
    %pushi/vec4 1768779109, 0, 32; draw_string_vec4
    %concat/vec4; draw_string_vec4
    %pushi/vec4 1684627828, 0, 32; draw_string_vec4
    %concat/vec4; draw_string_vec4
    %pushi/vec4 1701607712, 0, 32; draw_string_vec4
    %concat/vec4; draw_string_vec4
    %pushi/vec4 1634104421, 0, 32; draw_string_vec4
    %concat/vec4; draw_string_vec4
    %pushi/vec4 1914729592, 0, 32; draw_string_vec4
    %concat/vec4; draw_string_vec4
    %pushi/vec4 1600417646, 0, 32; draw_string_vec4
    %concat/vec4; draw_string_vec4
    %pushi/vec4 1696606286, 0, 32; draw_string_vec4
    %concat/vec4; draw_string_vec4
    %pushi/vec4 1330529577, 0, 32; draw_string_vec4
    %concat/vec4; draw_string_vec4
    %store/vec4 v0x5ca91d22ed10_0, 0, 416;
    %load/vec4 v0x5ca91d2456b0_0;
    %pushi/vec4 0, 0, 1;
    %cmp/e;
    %flag_get/vec4 6;
    %store/vec4 v0x5ca91d22ec50_0, 0, 1;
    %fork TD_uart_tb.check_cond, S_0x5ca91d1f5d20;
    %join;
    %wait E_0x5ca91d0ebd00;
    %pushi/vec4 0, 0, 32; draw_string_vec4
    %pushi/vec4 0, 0, 32; draw_string_vec4
    %concat/vec4; draw_string_vec4
    %pushi/vec4 0, 0, 32; draw_string_vec4
    %concat/vec4; draw_string_vec4
    %pushi/vec4 29816, 0, 32; draw_string_vec4
    %concat/vec4; draw_string_vec4
    %pushi/vec4 1600417646, 0, 32; draw_string_vec4
    %concat/vec4; draw_string_vec4
    %pushi/vec4 1696622963, 0, 32; draw_string_vec4
    %concat/vec4; draw_string_vec4
    %pushi/vec4 543236211, 0, 32; draw_string_vec4
    %concat/vec4; draw_string_vec4
    %pushi/vec4 1768843116, 0, 32; draw_string_vec4
    %concat/vec4; draw_string_vec4
    %pushi/vec4 1697473401, 0, 32; draw_string_vec4
    %concat/vec4; draw_string_vec4
    %pushi/vec4 1668048160, 0, 32; draw_string_vec4
    %concat/vec4; draw_string_vec4
    %pushi/vec4 1886743667, 0, 32; draw_string_vec4
    %concat/vec4; draw_string_vec4
    %pushi/vec4 1696606286, 0, 32; draw_string_vec4
    %concat/vec4; draw_string_vec4
    %pushi/vec4 1330529577, 0, 32; draw_string_vec4
    %concat/vec4; draw_string_vec4
    %store/vec4 v0x5ca91d22ed10_0, 0, 416;
    %load/vec4 v0x5ca91d245b00_0;
    %pushi/vec4 0, 0, 1;
    %cmp/e;
    %flag_get/vec4 6;
    %store/vec4 v0x5ca91d22ec50_0, 0, 1;
    %fork TD_uart_tb.check_cond, S_0x5ca91d1f5d20;
    %join;
    %pushi/vec4 0, 0, 32; draw_string_vec4
    %pushi/vec4 0, 0, 32; draw_string_vec4
    %concat/vec4; draw_string_vec4
    %pushi/vec4 0, 0, 32; draw_string_vec4
    %concat/vec4; draw_string_vec4
    %pushi/vec4 0, 0, 32; draw_string_vec4
    %concat/vec4; draw_string_vec4
    %pushi/vec4 5140256, 0, 32; draw_string_vec4
    %concat/vec4; draw_string_vec4
    %pushi/vec4 1920491365, 0, 32; draw_string_vec4
    %concat/vec4; draw_string_vec4
    %pushi/vec4 1920102258, 0, 32; draw_string_vec4
    %concat/vec4; draw_string_vec4
    %pushi/vec4 544173600, 0, 32; draw_string_vec4
    %concat/vec4; draw_string_vec4
    %pushi/vec4 1629512556, 0, 32; draw_string_vec4
    %concat/vec4; draw_string_vec4
    %pushi/vec4 1700884000, 0, 32; draw_string_vec4
    %concat/vec4; draw_string_vec4
    %pushi/vec4 1718772077, 0, 32; draw_string_vec4
    %concat/vec4; draw_string_vec4
    %pushi/vec4 1696606286, 0, 32; draw_string_vec4
    %concat/vec4; draw_string_vec4
    %pushi/vec4 1330529577, 0, 32; draw_string_vec4
    %concat/vec4; draw_string_vec4
    %store/vec4 v0x5ca91d22ed10_0, 0, 416;
    %load/vec4 v0x5ca91d244cf0_0;
    %pushi/vec4 0, 0, 1;
    %cmp/e;
    %flag_get/vec4 6;
    %store/vec4 v0x5ca91d22ec50_0, 0, 1;
    %fork TD_uart_tb.check_cond, S_0x5ca91d1f5d20;
    %join;
    %pushi/vec4 60, 0, 8;
    %store/vec4 v0x5ca91d2410c0_0, 0, 8;
    %fork TD_uart_tb.send_none, S_0x5ca91d240ea0;
    %join;
    %wait E_0x5ca91d0ebd00;
    %pushi/vec4 0, 0, 32; draw_string_vec4
    %pushi/vec4 0, 0, 32; draw_string_vec4
    %concat/vec4; draw_string_vec4
    %pushi/vec4 1954045794, 0, 32; draw_string_vec4
    %concat/vec4; draw_string_vec4
    %pushi/vec4 1970501920, 0, 32; draw_string_vec4
    %concat/vec4; draw_string_vec4
    %pushi/vec4 1634956133, 0, 32; draw_string_vec4
    %concat/vec4; draw_string_vec4
    %pushi/vec4 1920230756, 0, 32; draw_string_vec4
    %concat/vec4; draw_string_vec4
    %pushi/vec4 544368999, 0, 32; draw_string_vec4
    %concat/vec4; draw_string_vec4
    %pushi/vec4 1752440929, 0, 32; draw_string_vec4
    %concat/vec4; draw_string_vec4
    %pushi/vec4 1718904178, 0, 32; draw_string_vec4
    %concat/vec4; draw_string_vec4
    %pushi/vec4 544503903, 0, 32; draw_string_vec4
    %concat/vec4; draw_string_vec4
    %pushi/vec4 1937006962, 0, 32; draw_string_vec4
    %concat/vec4; draw_string_vec4
    %pushi/vec4 1948264526, 0, 32; draw_string_vec4
    %concat/vec4; draw_string_vec4
    %pushi/vec4 1330529577, 0, 32; draw_string_vec4
    %concat/vec4; draw_string_vec4
    %store/vec4 v0x5ca91d22ed10_0, 0, 416;
    %load/vec4 v0x5ca91d2456b0_0;
    %pushi/vec4 1, 0, 1;
    %cmp/e;
    %flag_get/vec4 6;
    %store/vec4 v0x5ca91d22ec50_0, 0, 1;
    %fork TD_uart_tb.check_cond, S_0x5ca91d1f5d20;
    %join;
    %pushi/vec4 50, 0, 32;
T_32.10 %dup/vec4;
    %pushi/vec4 0, 0, 32;
    %cmp/s;
    %jmp/1xz T_32.11, 5;
    %jmp/1 T_32.11, 4;
    %pushi/vec4 1, 0, 32;
    %sub;
    %wait E_0x5ca91d0ebd00;
    %pushi/vec4 0, 0, 32; draw_string_vec4
    %pushi/vec4 0, 0, 32; draw_string_vec4
    %concat/vec4; draw_string_vec4
    %pushi/vec4 0, 0, 32; draw_string_vec4
    %concat/vec4; draw_string_vec4
    %pushi/vec4 0, 0, 32; draw_string_vec4
    %concat/vec4; draw_string_vec4
    %pushi/vec4 7632991, 0, 32; draw_string_vec4
    %concat/vec4; draw_string_vec4
    %pushi/vec4 1651864441, 0, 32; draw_string_vec4
    %concat/vec4; draw_string_vec4
    %pushi/vec4 544437345, 0, 32; draw_string_vec4
    %concat/vec4; draw_string_vec4
    %pushi/vec4 2037588072, 0, 32; draw_string_vec4
    %concat/vec4; draw_string_vec4
    %pushi/vec4 1768384544, 0, 32; draw_string_vec4
    %concat/vec4; draw_string_vec4
    %pushi/vec4 1835623469, 0, 32; draw_string_vec4
    %concat/vec4; draw_string_vec4
    %pushi/vec4 1718772077, 0, 32; draw_string_vec4
    %concat/vec4; draw_string_vec4
    %pushi/vec4 1696606286, 0, 32; draw_string_vec4
    %concat/vec4; draw_string_vec4
    %pushi/vec4 1330529577, 0, 32; draw_string_vec4
    %concat/vec4; draw_string_vec4
    %store/vec4 v0x5ca91d22ed10_0, 0, 416;
    %load/vec4 v0x5ca91d2456b0_0;
    %pushi/vec4 1, 0, 1;
    %cmp/e;
    %flag_get/vec4 6;
    %store/vec4 v0x5ca91d22ec50_0, 0, 1;
    %fork TD_uart_tb.check_cond, S_0x5ca91d1f5d20;
    %join;
    %jmp T_32.10;
T_32.11 ;
    %pop/vec4 1;
    %fork t_17, S_0x5ca91d1e3560;
    %fork t_18, S_0x5ca91d1e3560;
    %join;
    %join;
    %jmp t_16;
t_17 ;
T_32.12 ;
    %load/vec4 v0x5ca91d245b00_0;
    %pushi/vec4 1, 0, 1;
    %cmp/e;
    %flag_get/vec4 4;
    %cmpi/ne 1, 0, 1;
    %jmp/0xz T_32.13, 6;
    %wait E_0x5ca91d242840;
    %jmp T_32.12;
T_32.13 ;
    %end;
t_18 ;
T_32.14 ;
    %load/vec4 v0x5ca91d2451a0_0;
    %pushi/vec4 1, 0, 1;
    %cmp/e;
    %flag_get/vec4 4;
    %cmpi/ne 1, 0, 1;
    %jmp/0xz T_32.15, 6;
    %wait E_0x5ca91d2427c0;
    %jmp T_32.14;
T_32.15 ;
    %end;
    .scope S_0x5ca91d1e3560;
t_16 ;
    %pushi/vec4 0, 0, 32; draw_string_vec4
    %pushi/vec4 76, 0, 32; draw_string_vec4
    %concat/vec4; draw_string_vec4
    %pushi/vec4 1869574242, 0, 32; draw_string_vec4
    %concat/vec4; draw_string_vec4
    %pushi/vec4 1633905440, 0, 32; draw_string_vec4
    %concat/vec4; draw_string_vec4
    %pushi/vec4 1634104421, 0, 32; draw_string_vec4
    %concat/vec4; draw_string_vec4
    %pushi/vec4 1914724981, 0, 32; draw_string_vec4
    %concat/vec4; draw_string_vec4
    %pushi/vec4 1937321332, 0, 32; draw_string_vec4
    %concat/vec4; draw_string_vec4
    %pushi/vec4 1768778094, 0, 32; draw_string_vec4
    %concat/vec4; draw_string_vec4
    %pushi/vec4 1730175848, 0, 32; draw_string_vec4
    %concat/vec4; draw_string_vec4
    %pushi/vec4 1701014304, 0, 32; draw_string_vec4
    %concat/vec4; draw_string_vec4
    %pushi/vec4 676220750, 0, 32; draw_string_vec4
    %concat/vec4; draw_string_vec4
    %pushi/vec4 1160519728, 0, 32; draw_string_vec4
    %concat/vec4; draw_string_vec4
    %pushi/vec4 2016625449, 0, 32; draw_string_vec4
    %concat/vec4; draw_string_vec4
    %store/vec4 v0x5ca91d22eb10_0, 0, 416;
    %pushi/vec4 60, 0, 8;
    %store/vec4 v0x5ca91d22ea30_0, 0, 8;
    %load/vec4 v0x5ca91d244820_0;
    %store/vec4 v0x5ca91d1b1c10_0, 0, 8;
    %fork TD_uart_tb.check_byte, S_0x5ca91d1f60a0;
    %join;
    %pushi/vec4 0, 0, 16;
    %store/vec4 v0x5ca91d245380_0, 0, 16;
T_32.16 ;
    %load/vec4 v0x5ca91d245380_0;
    %pad/u 32;
    %cmpi/u 256, 0, 32;
    %jmp/0xz T_32.17, 5;
    %load/vec4 v0x5ca91d245380_0;
    %parti/s 8, 0, 2;
    %store/vec4 v0x5ca91d2410c0_0, 0, 8;
    %fork TD_uart_tb.send_none, S_0x5ca91d240ea0;
    %join;
    %fork TD_uart_tb.wait_none, S_0x5ca91d2424d0;
    %join;
    %load/vec4 v0x5ca91d2428a0_0;
    %store/vec4 v0x5ca91d243840_0, 0, 8;
    %pushi/vec4 0, 0, 32; draw_string_vec4
    %pushi/vec4 0, 0, 32; draw_string_vec4
    %concat/vec4; draw_string_vec4
    %pushi/vec4 0, 0, 32; draw_string_vec4
    %concat/vec4; draw_string_vec4
    %pushi/vec4 0, 0, 32; draw_string_vec4
    %concat/vec4; draw_string_vec4
    %pushi/vec4 0, 0, 32; draw_string_vec4
    %concat/vec4; draw_string_vec4
    %pushi/vec4 0, 0, 32; draw_string_vec4
    %concat/vec4; draw_string_vec4
    %pushi/vec4 0, 0, 32; draw_string_vec4
    %concat/vec4; draw_string_vec4
    %pushi/vec4 12408, 0, 32; draw_string_vec4
    %concat/vec4; draw_string_vec4
    %pushi/vec4 808463664, 0, 32; draw_string_vec4
    %concat/vec4; draw_string_vec4
    %pushi/vec4 2017871392, 0, 32; draw_string_vec4
    %concat/vec4; draw_string_vec4
    %pushi/vec4 1937204581, 0, 32; draw_string_vec4
    %concat/vec4; draw_string_vec4
    %pushi/vec4 1881155662, 0, 32; draw_string_vec4
    %concat/vec4; draw_string_vec4
    %pushi/vec4 1330529577, 0, 32; draw_string_vec4
    %concat/vec4; draw_string_vec4
    %store/vec4 v0x5ca91d22eb10_0, 0, 416;
    %load/vec4 v0x5ca91d245380_0;
    %parti/s 8, 0, 2;
    %store/vec4 v0x5ca91d22ea30_0, 0, 8;
    %load/vec4 v0x5ca91d243840_0;
    %store/vec4 v0x5ca91d1b1c10_0, 0, 8;
    %fork TD_uart_tb.check_byte, S_0x5ca91d1f60a0;
    %join;
    %load/vec4 v0x5ca91d245380_0;
    %addi 1, 0, 16;
    %store/vec4 v0x5ca91d245380_0, 0, 16;
    %jmp T_32.16;
T_32.17 ;
    %pushi/vec4 0, 0, 16;
    %store/vec4 v0x5ca91d245380_0, 0, 16;
T_32.18 ;
    %load/vec4 v0x5ca91d245380_0;
    %pad/u 32;
    %cmpi/u 256, 0, 32;
    %jmp/0xz T_32.19, 5;
    %load/vec4 v0x5ca91d245380_0;
    %parti/s 8, 0, 2;
    %store/vec4 v0x5ca91d240da0_0, 0, 8;
    %fork TD_uart_tb.send_even, S_0x5ca91d240bd0;
    %join;
    %fork TD_uart_tb.wait_even, S_0x5ca91d2414e0;
    %join;
    %load/vec4 v0x5ca91d2417a0_0;
    %store/vec4 v0x5ca91d243840_0, 0, 8;
    %pushi/vec4 0, 0, 32; draw_string_vec4
    %pushi/vec4 0, 0, 32; draw_string_vec4
    %concat/vec4; draw_string_vec4
    %pushi/vec4 0, 0, 32; draw_string_vec4
    %concat/vec4; draw_string_vec4
    %pushi/vec4 0, 0, 32; draw_string_vec4
    %concat/vec4; draw_string_vec4
    %pushi/vec4 0, 0, 32; draw_string_vec4
    %concat/vec4; draw_string_vec4
    %pushi/vec4 0, 0, 32; draw_string_vec4
    %concat/vec4; draw_string_vec4
    %pushi/vec4 0, 0, 32; draw_string_vec4
    %concat/vec4; draw_string_vec4
    %pushi/vec4 12408, 0, 32; draw_string_vec4
    %concat/vec4; draw_string_vec4
    %pushi/vec4 808463664, 0, 32; draw_string_vec4
    %concat/vec4; draw_string_vec4
    %pushi/vec4 2017871392, 0, 32; draw_string_vec4
    %concat/vec4; draw_string_vec4
    %pushi/vec4 1937204581, 0, 32; draw_string_vec4
    %concat/vec4; draw_string_vec4
    %pushi/vec4 1881155653, 0, 32; draw_string_vec4
    %concat/vec4; draw_string_vec4
    %pushi/vec4 1447382569, 0, 32; draw_string_vec4
    %concat/vec4; draw_string_vec4
    %store/vec4 v0x5ca91d22eb10_0, 0, 416;
    %load/vec4 v0x5ca91d245380_0;
    %parti/s 8, 0, 2;
    %store/vec4 v0x5ca91d22ea30_0, 0, 8;
    %load/vec4 v0x5ca91d243840_0;
    %store/vec4 v0x5ca91d1b1c10_0, 0, 8;
    %fork TD_uart_tb.check_byte, S_0x5ca91d1f60a0;
    %join;
    %pushi/vec4 0, 0, 32; draw_string_vec4
    %pushi/vec4 0, 0, 32; draw_string_vec4
    %concat/vec4; draw_string_vec4
    %pushi/vec4 48, 0, 32; draw_string_vec4
    %concat/vec4; draw_string_vec4
    %pushi/vec4 2016423981, 0, 32; draw_string_vec4
    %concat/vec4; draw_string_vec4
    %pushi/vec4 813188678, 0, 32; draw_string_vec4
    %concat/vec4; draw_string_vec4
    %pushi/vec4 544438117, 0, 32; draw_string_vec4
    %concat/vec4; draw_string_vec4
    %pushi/vec4 1701847080, 0, 32; draw_string_vec4
    %concat/vec4; draw_string_vec4
    %pushi/vec4 1163281742, 0, 32; draw_string_vec4
    %concat/vec4; draw_string_vec4
    %pushi/vec4 689974590, 0, 32; draw_string_vec4
    %concat/vec4; draw_string_vec4
    %pushi/vec4 544108320, 0, 32; draw_string_vec4
    %concat/vec4; draw_string_vec4
    %pushi/vec4 1885434473, 0, 32; draw_string_vec4
    %concat/vec4; draw_string_vec4
    %pushi/vec4 1954111333, 0, 32; draw_string_vec4
    %concat/vec4; draw_string_vec4
    %pushi/vec4 1920102258, 0, 32; draw_string_vec4
    %concat/vec4; draw_string_vec4
    %store/vec4 v0x5ca91d22ed10_0, 0, 416;
    %load/vec4 v0x5ca91d243cb0_0;
    %pushi/vec4 0, 0, 1;
    %cmp/e;
    %flag_get/vec4 6;
    %store/vec4 v0x5ca91d22ec50_0, 0, 1;
    %fork TD_uart_tb.check_cond, S_0x5ca91d1f5d20;
    %join;
    %load/vec4 v0x5ca91d245380_0;
    %addi 1, 0, 16;
    %store/vec4 v0x5ca91d245380_0, 0, 16;
    %jmp T_32.18;
T_32.19 ;
    %pushi/vec4 0, 0, 16;
    %store/vec4 v0x5ca91d245380_0, 0, 16;
T_32.20 ;
    %load/vec4 v0x5ca91d245380_0;
    %pad/u 32;
    %cmpi/u 256, 0, 32;
    %jmp/0xz T_32.21, 5;
    %load/vec4 v0x5ca91d245380_0;
    %parti/s 8, 0, 2;
    %store/vec4 v0x5ca91d2413e0_0, 0, 8;
    %fork TD_uart_tb.send_odd, S_0x5ca91d2411c0;
    %join;
    %fork TD_uart_tb.wait_odd, S_0x5ca91d2429a0;
    %join;
    %load/vec4 v0x5ca91d242c60_0;
    %store/vec4 v0x5ca91d243840_0, 0, 8;
    %pushi/vec4 0, 0, 32; draw_string_vec4
    %pushi/vec4 0, 0, 32; draw_string_vec4
    %concat/vec4; draw_string_vec4
    %pushi/vec4 0, 0, 32; draw_string_vec4
    %concat/vec4; draw_string_vec4
    %pushi/vec4 0, 0, 32; draw_string_vec4
    %concat/vec4; draw_string_vec4
    %pushi/vec4 0, 0, 32; draw_string_vec4
    %concat/vec4; draw_string_vec4
    %pushi/vec4 0, 0, 32; draw_string_vec4
    %concat/vec4; draw_string_vec4
    %pushi/vec4 0, 0, 32; draw_string_vec4
    %concat/vec4; draw_string_vec4
    %pushi/vec4 48, 0, 32; draw_string_vec4
    %concat/vec4; draw_string_vec4
    %pushi/vec4 2016423981, 0, 32; draw_string_vec4
    %concat/vec4; draw_string_vec4
    %pushi/vec4 813188678, 0, 32; draw_string_vec4
    %concat/vec4; draw_string_vec4
    %pushi/vec4 544438117, 0, 32; draw_string_vec4
    %concat/vec4; draw_string_vec4
    %pushi/vec4 1701847080, 0, 32; draw_string_vec4
    %concat/vec4; draw_string_vec4
    %pushi/vec4 1329873961, 0, 32; draw_string_vec4
    %concat/vec4; draw_string_vec4
    %store/vec4 v0x5ca91d22eb10_0, 0, 416;
    %load/vec4 v0x5ca91d245380_0;
    %parti/s 8, 0, 2;
    %store/vec4 v0x5ca91d22ea30_0, 0, 8;
    %load/vec4 v0x5ca91d243840_0;
    %store/vec4 v0x5ca91d1b1c10_0, 0, 8;
    %fork TD_uart_tb.check_byte, S_0x5ca91d1f60a0;
    %join;
    %pushi/vec4 0, 0, 32; draw_string_vec4
    %pushi/vec4 0, 0, 32; draw_string_vec4
    %concat/vec4; draw_string_vec4
    %pushi/vec4 0, 0, 32; draw_string_vec4
    %concat/vec4; draw_string_vec4
    %pushi/vec4 813183024, 0, 32; draw_string_vec4
    %concat/vec4; draw_string_vec4
    %pushi/vec4 758151238, 0, 32; draw_string_vec4
    %concat/vec4; draw_string_vec4
    %pushi/vec4 1176531831, 0, 32; draw_string_vec4
    %concat/vec4; draw_string_vec4
    %pushi/vec4 1701146656, 0, 32; draw_string_vec4
    %concat/vec4; draw_string_vec4
    %pushi/vec4 676283460, 0, 32; draw_string_vec4
    %concat/vec4; draw_string_vec4
    %pushi/vec4 689974590, 0, 32; draw_string_vec4
    %concat/vec4; draw_string_vec4
    %pushi/vec4 544108320, 0, 32; draw_string_vec4
    %concat/vec4; draw_string_vec4
    %pushi/vec4 1885434473, 0, 32; draw_string_vec4
    %concat/vec4; draw_string_vec4
    %pushi/vec4 1954111333, 0, 32; draw_string_vec4
    %concat/vec4; draw_string_vec4
    %pushi/vec4 1920102258, 0, 32; draw_string_vec4
    %concat/vec4; draw_string_vec4
    %store/vec4 v0x5ca91d22ed10_0, 0, 416;
    %load/vec4 v0x5ca91d243e90_0;
    %pushi/vec4 0, 0, 1;
    %cmp/e;
    %flag_get/vec4 6;
    %store/vec4 v0x5ca91d22ec50_0, 0, 1;
    %fork TD_uart_tb.check_cond, S_0x5ca91d1f5d20;
    %join;
    %load/vec4 v0x5ca91d245380_0;
    %addi 1, 0, 16;
    %store/vec4 v0x5ca91d245380_0, 0, 16;
    %jmp T_32.20;
T_32.21 ;
    %pushi/vec4 0, 0, 8;
    %ix/load 4, 0, 0;
    %flag_set/imm 4, 0;
    %store/vec4a v0x5ca91d244060, 4, 0;
    %pushi/vec4 255, 0, 8;
    %ix/load 4, 1, 0;
    %flag_set/imm 4, 0;
    %store/vec4a v0x5ca91d244060, 4, 0;
    %pushi/vec4 85, 0, 8;
    %ix/load 4, 2, 0;
    %flag_set/imm 4, 0;
    %store/vec4a v0x5ca91d244060, 4, 0;
    %pushi/vec4 170, 0, 8;
    %ix/load 4, 3, 0;
    %flag_set/imm 4, 0;
    %store/vec4a v0x5ca91d244060, 4, 0;
    %pushi/vec4 0, 0, 32;
    %store/vec4 v0x5ca91d243920_0, 0, 32;
T_32.22 ;
    %load/vec4 v0x5ca91d243920_0;
    %cmpi/s 4, 0, 32;
    %jmp/0xz T_32.23, 5;
    %ix/getv/s 4, v0x5ca91d243920_0;
    %load/vec4a v0x5ca91d244060, 4;
    %store/vec4 v0x5ca91d240da0_0, 0, 8;
    %fork TD_uart_tb.send_even, S_0x5ca91d240bd0;
    %join;
    %fork TD_uart_tb.wait_even, S_0x5ca91d2414e0;
    %join;
    %load/vec4 v0x5ca91d2417a0_0;
    %store/vec4 v0x5ca91d243840_0, 0, 8;
    %pushi/vec4 0, 0, 32; draw_string_vec4
    %pushi/vec4 0, 0, 32; draw_string_vec4
    %concat/vec4; draw_string_vec4
    %pushi/vec4 0, 0, 32; draw_string_vec4
    %concat/vec4; draw_string_vec4
    %pushi/vec4 0, 0, 32; draw_string_vec4
    %concat/vec4; draw_string_vec4
    %pushi/vec4 0, 0, 32; draw_string_vec4
    %concat/vec4; draw_string_vec4
    %pushi/vec4 0, 0, 32; draw_string_vec4
    %concat/vec4; draw_string_vec4
    %pushi/vec4 1348564084, 0, 32; draw_string_vec4
    %concat/vec4; draw_string_vec4
    %pushi/vec4 1701998112, 0, 32; draw_string_vec4
    %concat/vec4; draw_string_vec4
    %pushi/vec4 1652126821, 0, 32; draw_string_vec4
    %concat/vec4; draw_string_vec4
    %pushi/vec4 543977327, 0, 32; draw_string_vec4
    %concat/vec4; draw_string_vec4
    %pushi/vec4 1885495651, 0, 32; draw_string_vec4
    %concat/vec4; draw_string_vec4
    %pushi/vec4 1797269573, 0, 32; draw_string_vec4
    %concat/vec4; draw_string_vec4
    %pushi/vec4 1447382569, 0, 32; draw_string_vec4
    %concat/vec4; draw_string_vec4
    %store/vec4 v0x5ca91d22eb10_0, 0, 416;
    %ix/getv/s 4, v0x5ca91d243920_0;
    %load/vec4a v0x5ca91d244060, 4;
    %store/vec4 v0x5ca91d22ea30_0, 0, 8;
    %load/vec4 v0x5ca91d243840_0;
    %store/vec4 v0x5ca91d1b1c10_0, 0, 8;
    %fork TD_uart_tb.check_byte, S_0x5ca91d1f60a0;
    %join;
    %ix/getv/s 4, v0x5ca91d243920_0;
    %load/vec4a v0x5ca91d244060, 4;
    %store/vec4 v0x5ca91d2413e0_0, 0, 8;
    %fork TD_uart_tb.send_odd, S_0x5ca91d2411c0;
    %join;
    %fork TD_uart_tb.wait_odd, S_0x5ca91d2429a0;
    %join;
    %load/vec4 v0x5ca91d242c60_0;
    %store/vec4 v0x5ca91d243840_0, 0, 8;
    %pushi/vec4 0, 0, 32; draw_string_vec4
    %pushi/vec4 0, 0, 32; draw_string_vec4
    %concat/vec4; draw_string_vec4
    %pushi/vec4 0, 0, 32; draw_string_vec4
    %concat/vec4; draw_string_vec4
    %pushi/vec4 0, 0, 32; draw_string_vec4
    %concat/vec4; draw_string_vec4
    %pushi/vec4 0, 0, 32; draw_string_vec4
    %concat/vec4; draw_string_vec4
    %pushi/vec4 0, 0, 32; draw_string_vec4
    %concat/vec4; draw_string_vec4
    %pushi/vec4 5267828, 0, 32; draw_string_vec4
    %concat/vec4; draw_string_vec4
    %pushi/vec4 1952805486, 0, 32; draw_string_vec4
    %concat/vec4; draw_string_vec4
    %pushi/vec4 543324532, 0, 32; draw_string_vec4
    %concat/vec4; draw_string_vec4
    %pushi/vec4 1696623727, 0, 32; draw_string_vec4
    %concat/vec4; draw_string_vec4
    %pushi/vec4 1869636193, 0, 32; draw_string_vec4
    %concat/vec4; draw_string_vec4
    %pushi/vec4 1667964968, 0, 32; draw_string_vec4
    %concat/vec4; draw_string_vec4
    %pushi/vec4 1329873961, 0, 32; draw_string_vec4
    %concat/vec4; draw_string_vec4
    %store/vec4 v0x5ca91d22eb10_0, 0, 416;
    %ix/getv/s 4, v0x5ca91d243920_0;
    %load/vec4a v0x5ca91d244060, 4;
    %store/vec4 v0x5ca91d22ea30_0, 0, 8;
    %load/vec4 v0x5ca91d243840_0;
    %store/vec4 v0x5ca91d1b1c10_0, 0, 8;
    %fork TD_uart_tb.check_byte, S_0x5ca91d1f60a0;
    %join;
    %load/vec4 v0x5ca91d243920_0;
    %addi 1, 0, 32;
    %store/vec4 v0x5ca91d243920_0, 0, 32;
    %jmp T_32.22;
T_32.23 ;
    %pushi/vec4 17, 0, 8;
    %ix/load 4, 0, 0;
    %flag_set/imm 4, 0;
    %store/vec4a v0x5ca91d243130, 4, 0;
    %pushi/vec4 34, 0, 8;
    %ix/load 4, 1, 0;
    %flag_set/imm 4, 0;
    %store/vec4a v0x5ca91d243130, 4, 0;
    %pushi/vec4 51, 0, 8;
    %ix/load 4, 2, 0;
    %flag_set/imm 4, 0;
    %store/vec4a v0x5ca91d243130, 4, 0;
    %pushi/vec4 68, 0, 8;
    %ix/load 4, 3, 0;
    %flag_set/imm 4, 0;
    %store/vec4a v0x5ca91d243130, 4, 0;
    %pushi/vec4 153, 0, 8;
    %ix/load 4, 4, 0;
    %flag_set/imm 4, 0;
    %store/vec4a v0x5ca91d243130, 4, 0;
    %pushi/vec4 0, 0, 32;
    %store/vec4 v0x5ca91d243920_0, 0, 32;
T_32.24 ;
    %load/vec4 v0x5ca91d243920_0;
    %cmpi/s 5, 0, 32;
    %jmp/0xz T_32.25, 5;
    %ix/getv/s 4, v0x5ca91d243920_0;
    %load/vec4a v0x5ca91d243130, 4;
    %store/vec4 v0x5ca91d2410c0_0, 0, 8;
    %fork TD_uart_tb.send_none, S_0x5ca91d240ea0;
    %join;
    %fork TD_uart_tb.wait_none, S_0x5ca91d2424d0;
    %join;
    %load/vec4 v0x5ca91d2428a0_0;
    %store/vec4 v0x5ca91d243840_0, 0, 8;
    %pushi/vec4 0, 0, 32; draw_string_vec4
    %pushi/vec4 0, 0, 32; draw_string_vec4
    %concat/vec4; draw_string_vec4
    %pushi/vec4 0, 0, 32; draw_string_vec4
    %concat/vec4; draw_string_vec4
    %pushi/vec4 0, 0, 32; draw_string_vec4
    %concat/vec4; draw_string_vec4
    %pushi/vec4 0, 0, 32; draw_string_vec4
    %concat/vec4; draw_string_vec4
    %pushi/vec4 16993, 0, 32; draw_string_vec4
    %concat/vec4; draw_string_vec4
    %pushi/vec4 1667968372, 0, 32; draw_string_vec4
    %concat/vec4; draw_string_vec4
    %pushi/vec4 1865245281, 0, 32; draw_string_vec4
    %concat/vec4; draw_string_vec4
    %pushi/vec4 1667965026, 0, 32; draw_string_vec4
    %concat/vec4; draw_string_vec4
    %pushi/vec4 1970434932, 0, 32; draw_string_vec4
    %concat/vec4; draw_string_vec4
    %pushi/vec4 543324532, 0, 32; draw_string_vec4
    %concat/vec4; draw_string_vec4
    %pushi/vec4 1696606286, 0, 32; draw_string_vec4
    %concat/vec4; draw_string_vec4
    %pushi/vec4 1330529577, 0, 32; draw_string_vec4
    %concat/vec4; draw_string_vec4
    %store/vec4 v0x5ca91d22eb10_0, 0, 416;
    %ix/getv/s 4, v0x5ca91d243920_0;
    %load/vec4a v0x5ca91d243130, 4;
    %store/vec4 v0x5ca91d22ea30_0, 0, 8;
    %load/vec4 v0x5ca91d243840_0;
    %store/vec4 v0x5ca91d1b1c10_0, 0, 8;
    %fork TD_uart_tb.check_byte, S_0x5ca91d1f60a0;
    %join;
    %load/vec4 v0x5ca91d243920_0;
    %addi 1, 0, 32;
    %store/vec4 v0x5ca91d243920_0, 0, 32;
    %jmp T_32.24;
T_32.25 ;
    %pushi/vec4 0, 0, 32;
    %store/vec4 v0x5ca91d243920_0, 0, 32;
T_32.26 ;
    %load/vec4 v0x5ca91d243920_0;
    %cmpi/s 5, 0, 32;
    %jmp/0xz T_32.27, 5;
    %pushi/vec4 90, 0, 8;
    %store/vec4 v0x5ca91d240da0_0, 0, 8;
    %fork TD_uart_tb.send_even, S_0x5ca91d240bd0;
    %join;
    %fork TD_uart_tb.wait_even, S_0x5ca91d2414e0;
    %join;
    %load/vec4 v0x5ca91d2417a0_0;
    %store/vec4 v0x5ca91d243840_0, 0, 8;
    %pushi/vec4 0, 0, 32; draw_string_vec4
    %pushi/vec4 0, 0, 32; draw_string_vec4
    %concat/vec4; draw_string_vec4
    %pushi/vec4 0, 0, 32; draw_string_vec4
    %concat/vec4; draw_string_vec4
    %pushi/vec4 0, 0, 32; draw_string_vec4
    %concat/vec4; draw_string_vec4
    %pushi/vec4 0, 0, 32; draw_string_vec4
    %concat/vec4; draw_string_vec4
    %pushi/vec4 0, 0, 32; draw_string_vec4
    %concat/vec4; draw_string_vec4
    %pushi/vec4 82, 0, 32; draw_string_vec4
    %concat/vec4; draw_string_vec4
    %pushi/vec4 1701864801, 0, 32; draw_string_vec4
    %concat/vec4; draw_string_vec4
    %pushi/vec4 1952801824, 0, 32; draw_string_vec4
    %concat/vec4; draw_string_vec4
    %pushi/vec4 1652126821, 0, 32; draw_string_vec4
    %concat/vec4; draw_string_vec4
    %pushi/vec4 540047413, 0, 32; draw_string_vec4
    %concat/vec4; draw_string_vec4
    %pushi/vec4 1092626501, 0, 32; draw_string_vec4
    %concat/vec4; draw_string_vec4
    %pushi/vec4 1447382569, 0, 32; draw_string_vec4
    %concat/vec4; draw_string_vec4
    %store/vec4 v0x5ca91d22eb10_0, 0, 416;
    %pushi/vec4 90, 0, 8;
    %store/vec4 v0x5ca91d22ea30_0, 0, 8;
    %load/vec4 v0x5ca91d243840_0;
    %store/vec4 v0x5ca91d1b1c10_0, 0, 8;
    %fork TD_uart_tb.check_byte, S_0x5ca91d1f60a0;
    %join;
    %load/vec4 v0x5ca91d243920_0;
    %addi 1, 0, 32;
    %store/vec4 v0x5ca91d243920_0, 0, 32;
    %jmp T_32.26;
T_32.27 ;
    %pushi/vec4 0, 0, 32;
    %store/vec4 v0x5ca91d243920_0, 0, 32;
T_32.28 ;
    %load/vec4 v0x5ca91d243920_0;
    %cmpi/s 10, 0, 32;
    %jmp/0xz T_32.29, 5;
    %vpi_func 3 345 "$random" 32 {0 0 0};
    %pad/s 8;
    %store/vec4 v0x5ca91d2441c0_0, 0, 8;
    %load/vec4 v0x5ca91d2441c0_0;
    %store/vec4 v0x5ca91d2410c0_0, 0, 8;
    %fork TD_uart_tb.send_none, S_0x5ca91d240ea0;
    %join;
    %fork TD_uart_tb.wait_none, S_0x5ca91d2424d0;
    %join;
    %load/vec4 v0x5ca91d2428a0_0;
    %store/vec4 v0x5ca91d243840_0, 0, 8;
    %pushi/vec4 0, 0, 32; draw_string_vec4
    %pushi/vec4 0, 0, 32; draw_string_vec4
    %concat/vec4; draw_string_vec4
    %pushi/vec4 0, 0, 32; draw_string_vec4
    %concat/vec4; draw_string_vec4
    %pushi/vec4 0, 0, 32; draw_string_vec4
    %concat/vec4; draw_string_vec4
    %pushi/vec4 0, 0, 32; draw_string_vec4
    %concat/vec4; draw_string_vec4
    %pushi/vec4 0, 0, 32; draw_string_vec4
    %concat/vec4; draw_string_vec4
    %pushi/vec4 5398894, 0, 32; draw_string_vec4
    %concat/vec4; draw_string_vec4
    %pushi/vec4 1685024032, 0, 32; draw_string_vec4
    %concat/vec4; draw_string_vec4
    %pushi/vec4 1652126821, 0, 32; draw_string_vec4
    %concat/vec4; draw_string_vec4
    %pushi/vec4 543977327, 0, 32; draw_string_vec4
    %concat/vec4; draw_string_vec4
    %pushi/vec4 1885495651, 0, 32; draw_string_vec4
    %concat/vec4; draw_string_vec4
    %pushi/vec4 1797269582, 0, 32; draw_string_vec4
    %concat/vec4; draw_string_vec4
    %pushi/vec4 1330529577, 0, 32; draw_string_vec4
    %concat/vec4; draw_string_vec4
    %store/vec4 v0x5ca91d22eb10_0, 0, 416;
    %load/vec4 v0x5ca91d2441c0_0;
    %store/vec4 v0x5ca91d22ea30_0, 0, 8;
    %load/vec4 v0x5ca91d243840_0;
    %store/vec4 v0x5ca91d1b1c10_0, 0, 8;
    %fork TD_uart_tb.check_byte, S_0x5ca91d1f60a0;
    %join;
    %load/vec4 v0x5ca91d243920_0;
    %addi 1, 0, 32;
    %store/vec4 v0x5ca91d243920_0, 0, 32;
    %jmp T_32.28;
T_32.29 ;
    %pushi/vec4 0, 0, 32;
    %store/vec4 v0x5ca91d243920_0, 0, 32;
T_32.30 ;
    %load/vec4 v0x5ca91d243920_0;
    %cmpi/s 10, 0, 32;
    %jmp/0xz T_32.31, 5;
    %vpi_func 3 350 "$random" 32 {0 0 0};
    %pad/s 8;
    %store/vec4 v0x5ca91d2441c0_0, 0, 8;
    %load/vec4 v0x5ca91d2441c0_0;
    %store/vec4 v0x5ca91d240da0_0, 0, 8;
    %fork TD_uart_tb.send_even, S_0x5ca91d240bd0;
    %join;
    %fork TD_uart_tb.wait_even, S_0x5ca91d2414e0;
    %join;
    %load/vec4 v0x5ca91d2417a0_0;
    %store/vec4 v0x5ca91d243840_0, 0, 8;
    %pushi/vec4 0, 0, 32; draw_string_vec4
    %pushi/vec4 0, 0, 32; draw_string_vec4
    %concat/vec4; draw_string_vec4
    %pushi/vec4 0, 0, 32; draw_string_vec4
    %concat/vec4; draw_string_vec4
    %pushi/vec4 0, 0, 32; draw_string_vec4
    %concat/vec4; draw_string_vec4
    %pushi/vec4 0, 0, 32; draw_string_vec4
    %concat/vec4; draw_string_vec4
    %pushi/vec4 0, 0, 32; draw_string_vec4
    %concat/vec4; draw_string_vec4
    %pushi/vec4 5398894, 0, 32; draw_string_vec4
    %concat/vec4; draw_string_vec4
    %pushi/vec4 1685024032, 0, 32; draw_string_vec4
    %concat/vec4; draw_string_vec4
    %pushi/vec4 1652126821, 0, 32; draw_string_vec4
    %concat/vec4; draw_string_vec4
    %pushi/vec4 543977327, 0, 32; draw_string_vec4
    %concat/vec4; draw_string_vec4
    %pushi/vec4 1885495651, 0, 32; draw_string_vec4
    %concat/vec4; draw_string_vec4
    %pushi/vec4 1797269573, 0, 32; draw_string_vec4
    %concat/vec4; draw_string_vec4
    %pushi/vec4 1447382569, 0, 32; draw_string_vec4
    %concat/vec4; draw_string_vec4
    %store/vec4 v0x5ca91d22eb10_0, 0, 416;
    %load/vec4 v0x5ca91d2441c0_0;
    %store/vec4 v0x5ca91d22ea30_0, 0, 8;
    %load/vec4 v0x5ca91d243840_0;
    %store/vec4 v0x5ca91d1b1c10_0, 0, 8;
    %fork TD_uart_tb.check_byte, S_0x5ca91d1f60a0;
    %join;
    %load/vec4 v0x5ca91d243920_0;
    %addi 1, 0, 32;
    %store/vec4 v0x5ca91d243920_0, 0, 32;
    %jmp T_32.30;
T_32.31 ;
    %pushi/vec4 0, 0, 32;
    %store/vec4 v0x5ca91d243920_0, 0, 32;
T_32.32 ;
    %load/vec4 v0x5ca91d243920_0;
    %cmpi/s 10, 0, 32;
    %jmp/0xz T_32.33, 5;
    %vpi_func 3 355 "$random" 32 {0 0 0};
    %pad/s 8;
    %store/vec4 v0x5ca91d2441c0_0, 0, 8;
    %load/vec4 v0x5ca91d2441c0_0;
    %store/vec4 v0x5ca91d2413e0_0, 0, 8;
    %fork TD_uart_tb.send_odd, S_0x5ca91d2411c0;
    %join;
    %fork TD_uart_tb.wait_odd, S_0x5ca91d2429a0;
    %join;
    %load/vec4 v0x5ca91d242c60_0;
    %store/vec4 v0x5ca91d243840_0, 0, 8;
    %pushi/vec4 0, 0, 32; draw_string_vec4
    %pushi/vec4 0, 0, 32; draw_string_vec4
    %concat/vec4; draw_string_vec4
    %pushi/vec4 0, 0, 32; draw_string_vec4
    %concat/vec4; draw_string_vec4
    %pushi/vec4 0, 0, 32; draw_string_vec4
    %concat/vec4; draw_string_vec4
    %pushi/vec4 0, 0, 32; draw_string_vec4
    %concat/vec4; draw_string_vec4
    %pushi/vec4 0, 0, 32; draw_string_vec4
    %concat/vec4; draw_string_vec4
    %pushi/vec4 21089, 0, 32; draw_string_vec4
    %concat/vec4; draw_string_vec4
    %pushi/vec4 1852075885, 0, 32; draw_string_vec4
    %concat/vec4; draw_string_vec4
    %pushi/vec4 543324532, 0, 32; draw_string_vec4
    %concat/vec4; draw_string_vec4
    %pushi/vec4 1696623727, 0, 32; draw_string_vec4
    %concat/vec4; draw_string_vec4
    %pushi/vec4 1869636193, 0, 32; draw_string_vec4
    %concat/vec4; draw_string_vec4
    %pushi/vec4 1667964968, 0, 32; draw_string_vec4
    %concat/vec4; draw_string_vec4
    %pushi/vec4 1329873961, 0, 32; draw_string_vec4
    %concat/vec4; draw_string_vec4
    %store/vec4 v0x5ca91d22eb10_0, 0, 416;
    %load/vec4 v0x5ca91d2441c0_0;
    %store/vec4 v0x5ca91d22ea30_0, 0, 8;
    %load/vec4 v0x5ca91d243840_0;
    %store/vec4 v0x5ca91d1b1c10_0, 0, 8;
    %fork TD_uart_tb.check_byte, S_0x5ca91d1f60a0;
    %join;
    %load/vec4 v0x5ca91d243920_0;
    %addi 1, 0, 32;
    %store/vec4 v0x5ca91d243920_0, 0, 32;
    %jmp T_32.32;
T_32.33 ;
    %pushi/vec4 231, 0, 8;
    %store/vec4 v0x5ca91d2410c0_0, 0, 8;
    %fork TD_uart_tb.send_none, S_0x5ca91d240ea0;
    %join;
    %pushi/vec4 25, 0, 32;
T_32.34 %dup/vec4;
    %pushi/vec4 0, 0, 32;
    %cmp/s;
    %jmp/1xz T_32.35, 5;
    %jmp/1 T_32.35, 4;
    %pushi/vec4 1, 0, 32;
    %sub;
    %wait E_0x5ca91d124850;
    %jmp T_32.34;
T_32.35 ;
    %pop/vec4 1;
    %pushi/vec4 1, 0, 1;
    %store/vec4 v0x5ca91d244120_0, 0, 1;
    %wait E_0x5ca91d124850;
    %pushi/vec4 0, 0, 1;
    %store/vec4 v0x5ca91d244120_0, 0, 1;
    %wait E_0x5ca91d0ebd00;
    %pushi/vec4 0, 0, 32; draw_string_vec4
    %pushi/vec4 0, 0, 32; draw_string_vec4
    %concat/vec4; draw_string_vec4
    %pushi/vec4 0, 0, 32; draw_string_vec4
    %concat/vec4; draw_string_vec4
    %pushi/vec4 21093, 0, 32; draw_string_vec4
    %concat/vec4; draw_string_vec4
    %pushi/vec4 1936028704, 0, 32; draw_string_vec4
    %concat/vec4; draw_string_vec4
    %pushi/vec4 1835623469, 0, 32; draw_string_vec4
    %concat/vec4; draw_string_vec4
    %pushi/vec4 1415065426, 0, 32; draw_string_vec4
    %concat/vec4; draw_string_vec4
    %pushi/vec4 1480204404, 0, 32; draw_string_vec4
    %concat/vec4; draw_string_vec4
    %pushi/vec4 2019517045, 0, 32; draw_string_vec4
    %concat/vec4; draw_string_vec4
    %pushi/vec4 1937317987, 0, 32; draw_string_vec4
    %concat/vec4; draw_string_vec4
    %pushi/vec4 1818583410, 0, 32; draw_string_vec4
    %concat/vec4; draw_string_vec4
    %pushi/vec4 1931487310, 0, 32; draw_string_vec4
    %concat/vec4; draw_string_vec4
    %pushi/vec4 1330529577, 0, 32; draw_string_vec4
    %concat/vec4; draw_string_vec4
    %store/vec4 v0x5ca91d22ed10_0, 0, 416;
    %load/vec4 v0x5ca91d2456b0_0;
    %pushi/vec4 0, 0, 1;
    %cmp/e;
    %flag_get/vec4 6;
    %store/vec4 v0x5ca91d22ec50_0, 0, 1;
    %fork TD_uart_tb.check_cond, S_0x5ca91d1f5d20;
    %join;
    %pushi/vec4 0, 0, 32; draw_string_vec4
    %pushi/vec4 0, 0, 32; draw_string_vec4
    %concat/vec4; draw_string_vec4
    %pushi/vec4 0, 0, 32; draw_string_vec4
    %concat/vec4; draw_string_vec4
    %pushi/vec4 21093, 0, 32; draw_string_vec4
    %concat/vec4; draw_string_vec4
    %pushi/vec4 1936028704, 0, 32; draw_string_vec4
    %concat/vec4; draw_string_vec4
    %pushi/vec4 1835623469, 0, 32; draw_string_vec4
    %concat/vec4; draw_string_vec4
    %pushi/vec4 1415065426, 0, 32; draw_string_vec4
    %concat/vec4; draw_string_vec4
    %pushi/vec4 1480204402, 0, 32; draw_string_vec4
    %concat/vec4; draw_string_vec4
    %pushi/vec4 2019517045, 0, 32; draw_string_vec4
    %concat/vec4; draw_string_vec4
    %pushi/vec4 1937317987, 0, 32; draw_string_vec4
    %concat/vec4; draw_string_vec4
    %pushi/vec4 1818583410, 0, 32; draw_string_vec4
    %concat/vec4; draw_string_vec4
    %pushi/vec4 1931487310, 0, 32; draw_string_vec4
    %concat/vec4; draw_string_vec4
    %pushi/vec4 1330529577, 0, 32; draw_string_vec4
    %concat/vec4; draw_string_vec4
    %store/vec4 v0x5ca91d22ed10_0, 0, 416;
    %load/vec4 v0x5ca91d244450_0;
    %pushi/vec4 0, 0, 1;
    %cmp/e;
    %flag_get/vec4 6;
    %store/vec4 v0x5ca91d22ec50_0, 0, 1;
    %fork TD_uart_tb.check_cond, S_0x5ca91d1f5d20;
    %join;
    %pushi/vec4 0, 0, 32; draw_string_vec4
    %pushi/vec4 5399923, 0, 32; draw_string_vec4
    %concat/vec4; draw_string_vec4
    %pushi/vec4 1702109293, 0, 32; draw_string_vec4
    %concat/vec4; draw_string_vec4
    %pushi/vec4 1768172884, 0, 32; draw_string_vec4
    %concat/vec4; draw_string_vec4
    %pushi/vec4 1479496280, 0, 32; draw_string_vec4
    %concat/vec4; draw_string_vec4
    %pushi/vec4 975205496, 0, 32; draw_string_vec4
    %concat/vec4; draw_string_vec4
    %pushi/vec4 544367988, 0, 32; draw_string_vec4
    %concat/vec4; draw_string_vec4
    %pushi/vec4 1970433651, 0, 32; draw_string_vec4
    %concat/vec4; draw_string_vec4
    %pushi/vec4 544501536, 0, 32; draw_string_vec4
    %concat/vec4; draw_string_vec4
    %pushi/vec4 1768189029, 0, 32; draw_string_vec4
    %concat/vec4; draw_string_vec4
    %pushi/vec4 543713639, 0, 32; draw_string_vec4
    %concat/vec4; draw_string_vec4
    %pushi/vec4 1746937934, 0, 32; draw_string_vec4
    %concat/vec4; draw_string_vec4
    %pushi/vec4 1330529577, 0, 32; draw_string_vec4
    %concat/vec4; draw_string_vec4
    %store/vec4 v0x5ca91d22ed10_0, 0, 416;
    %load/vec4 v0x5ca91d245e40_0;
    %pushi/vec4 1, 0, 1;
    %cmp/e;
    %flag_get/vec4 6;
    %store/vec4 v0x5ca91d22ec50_0, 0, 1;
    %fork TD_uart_tb.check_cond, S_0x5ca91d1f5d20;
    %join;
    %pushi/vec4 0, 0, 32; draw_string_vec4
    %pushi/vec4 0, 0, 32; draw_string_vec4
    %concat/vec4; draw_string_vec4
    %pushi/vec4 5399923, 0, 32; draw_string_vec4
    %concat/vec4; draw_string_vec4
    %pushi/vec4 1702109293, 0, 32; draw_string_vec4
    %concat/vec4; draw_string_vec4
    %pushi/vec4 1768172884, 0, 32; draw_string_vec4
    %concat/vec4; draw_string_vec4
    %pushi/vec4 1479496280, 0, 32; draw_string_vec4
    %concat/vec4; draw_string_vec4
    %pushi/vec4 975203951, 0, 32; draw_string_vec4
    %concat/vec4; draw_string_vec4
    %pushi/vec4 544436341, 0, 32; draw_string_vec4
    %concat/vec4; draw_string_vec4
    %pushi/vec4 1919512437, 0, 32; draw_string_vec4
    %concat/vec4; draw_string_vec4
    %pushi/vec4 1931506808, 0, 32; draw_string_vec4
    %concat/vec4; draw_string_vec4
    %pushi/vec4 1600417646, 0, 32; draw_string_vec4
    %concat/vec4; draw_string_vec4
    %pushi/vec4 1696606286, 0, 32; draw_string_vec4
    %concat/vec4; draw_string_vec4
    %pushi/vec4 1330529577, 0, 32; draw_string_vec4
    %concat/vec4; draw_string_vec4
    %store/vec4 v0x5ca91d22ed10_0, 0, 416;
    %load/vec4 v0x5ca91d245b00_0;
    %pushi/vec4 0, 0, 1;
    %cmp/e;
    %flag_get/vec4 6;
    %store/vec4 v0x5ca91d22ec50_0, 0, 1;
    %fork TD_uart_tb.check_cond, S_0x5ca91d1f5d20;
    %join;
    %pushi/vec4 0, 0, 32; draw_string_vec4
    %pushi/vec4 0, 0, 32; draw_string_vec4
    %concat/vec4; draw_string_vec4
    %pushi/vec4 1382380389, 0, 32; draw_string_vec4
    %concat/vec4; draw_string_vec4
    %pushi/vec4 1948282217, 0, 32; draw_string_vec4
    %concat/vec4; draw_string_vec4
    %pushi/vec4 1680692312, 0, 32; draw_string_vec4
    %concat/vec4; draw_string_vec4
    %pushi/vec4 793925690, 0, 32; draw_string_vec4
    %concat/vec4; draw_string_vec4
    %pushi/vec4 544108320, 0, 32; draw_string_vec4
    %concat/vec4; draw_string_vec4
    %pushi/vec4 1936749938, 0, 32; draw_string_vec4
    %concat/vec4; draw_string_vec4
    %pushi/vec4 1768912243, 0, 32; draw_string_vec4
    %concat/vec4; draw_string_vec4
    %pushi/vec4 544372831, 0, 32; draw_string_vec4
    %concat/vec4; draw_string_vec4
    %pushi/vec4 1986096233, 0, 32; draw_string_vec4
    %concat/vec4; draw_string_vec4
    %pushi/vec4 1679829070, 0, 32; draw_string_vec4
    %concat/vec4; draw_string_vec4
    %pushi/vec4 1330529577, 0, 32; draw_string_vec4
    %concat/vec4; draw_string_vec4
    %store/vec4 v0x5ca91d22ed10_0, 0, 416;
    %load/vec4 v0x5ca91d2451a0_0;
    %pushi/vec4 0, 0, 1;
    %cmp/e;
    %flag_get/vec4 6;
    %store/vec4 v0x5ca91d22ec50_0, 0, 1;
    %fork TD_uart_tb.check_cond, S_0x5ca91d1f5d20;
    %join;
    %pushi/vec4 5, 0, 32;
T_32.36 %dup/vec4;
    %pushi/vec4 0, 0, 32;
    %cmp/s;
    %jmp/1xz T_32.37, 5;
    %jmp/1 T_32.37, 4;
    %pushi/vec4 1, 0, 32;
    %sub;
    %wait E_0x5ca91d124850;
    %jmp T_32.36;
T_32.37 ;
    %pop/vec4 1;
    %pushi/vec4 66, 0, 8;
    %store/vec4 v0x5ca91d2410c0_0, 0, 8;
    %fork TD_uart_tb.send_none, S_0x5ca91d240ea0;
    %join;
    %fork TD_uart_tb.wait_none, S_0x5ca91d2424d0;
    %join;
    %load/vec4 v0x5ca91d2428a0_0;
    %store/vec4 v0x5ca91d243840_0, 0, 8;
    %pushi/vec4 3739272386, 0, 33;
    %concati/vec4 3335930060, 0, 32;
    %concati/vec4 3940337384, 0, 32;
    %concati/vec4 3537820866, 0, 32;
    %concati/vec4 3628122830, 0, 32;
    %concati/vec4 3268598848, 0, 32;
    %concati/vec4 3268208842, 0, 32;
    %concati/vec4 3829455570, 0, 32;
    %concati/vec4 3361393892, 0, 32;
    %concati/vec4 3269118528, 0, 32;
    %concati/vec4 3838502602, 0, 32;
    %concati/vec4 3896529052, 0, 32;
    %concati/vec4 1330529577, 0, 31;
    %store/vec4 v0x5ca91d22eb10_0, 0, 416;
    %pushi/vec4 66, 0, 8;
    %store/vec4 v0x5ca91d22ea30_0, 0, 8;
    %load/vec4 v0x5ca91d243840_0;
    %store/vec4 v0x5ca91d1b1c10_0, 0, 8;
    %fork TD_uart_tb.check_byte, S_0x5ca91d1f60a0;
    %join;
    %fork TD_uart_tb.print_summary, S_0x5ca91d240710;
    %join;
    %vpi_call/w 3 384 "$finish" {0 0 0};
    %end;
    .thread T_32;
    .scope S_0x5ca91d1e3560;
T_33 ;
    %delay 1705032704, 1;
    %vpi_call/w 3 390 "$display", "*** GLOBAL WATCHDOG TIMEOUT \342\200\224 simulation stuck ***" {0 0 0};
    %vpi_call/w 3 391 "$finish" {0 0 0};
    %end;
    .thread T_33;
# The file index is used to find the file name in the following table.
:file_names 9;
    "N/A";
    "<interactive>";
    "-";
    "tb/uart_tb.v";
    "tb/uart_tasks.v";
    "rtl/uart.v";
    "rtl/uart_rx.v";
    "rtl/baud_gen.v";
    "rtl/uart_tx.v";
